name,repo_clone_url,age,releases_number,stargazers
JavaGuide,https://github.com/Snailclimb/JavaGuide,3.0,0,119572
java-design-patterns,https://github.com/iluwatar/java-design-patterns,7.0,0,74045
LeetCodeAnimation,https://github.com/MisterBooo/LeetCodeAnimation,3.0,0,69482
advanced-java,https://github.com/doocs/advanced-java,3.0,1,62011
spring-boot,https://github.com/spring-projects/spring-boot,9.0,131,60366
elasticsearch,https://github.com/elastic/elasticsearch,12.0,81,59046
mall,https://github.com/macrozheng/mall,4.0,1,57055
interviews,https://github.com/kdn251/interviews,5.0,0,56692
spring-framework,https://github.com/spring-projects/spring-framework,11.0,226,46865
RxJava,https://github.com/ReactiveX/RxJava,9.0,228,45909
GitHub-Chinese-Top-Charts,https://github.com/GrowingGit/GitHub-Chinese-Top-Charts,2.0,0,45408
Java,https://github.com/TheAlgorithms/Java,5.0,0,45312
guava,https://github.com/google/guava,7.0,35,44054
retrofit,https://github.com/square/retrofit,11.0,0,39769
dubbo,https://github.com/apache/dubbo,9.0,47,37031
MPAndroidChart,https://github.com/PhilJay/MPAndroidChart,8.0,44,34884
lottie-android,https://github.com/airbnb/lottie-android,5.0,41,32601
glide,https://github.com/bumptech/glide,8.0,38,32412
ghidra,https://github.com/NationalSecurityAgency/ghidra,3.0,19,31942
AndroidUtilCode,https://github.com/Blankj/AndroidUtilCode,5.0,116,30607
hello-algorithm,https://github.com/geekxh/hello-algorithm,1.0,0,30356
tutorials,https://github.com/eugenp/tutorials,9.0,0,30000
jadx,https://github.com/skylot/jadx,9.0,19,29559
zxing,https://github.com/zxing/zxing,10.0,27,29345
netty,https://github.com/netty/netty,11.0,0,28864
arthas,https://github.com/alibaba/arthas,3.0,40,28779
jeecg-boot,https://github.com/jeecgboot/jeecg-boot,3.0,18,28493
spring-boot-examples,https://github.com/ityouknow/spring-boot-examples,5.0,0,27289
JCSprout,https://github.com/crossoverJie/JCSprout,4.0,0,26645
apollo,https://github.com/apolloconfig/apollo,6.0,34,26522
butterknife,https://github.com/JakeWharton/butterknife,9.0,0,25702
dbeaver,https://github.com/dbeaver/dbeaver,6.0,148,25418
druid,https://github.com/alibaba/druid,10.0,43,25291
proxyee-down,https://github.com/proxyee-down-org/proxyee-down,4.0,49,25241
spring-boot-demo,https://github.com/xkcoding/spring-boot-demo,4.0,0,25168
fastjson,https://github.com/alibaba/fastjson,10.0,83,24223
miaosha,https://github.com/qiurunze123/miaosha,3.0,0,24233
EventBus,https://github.com/greenrobot/EventBus,9.0,7,23895
vhr,https://github.com/lenve/vhr,4.0,0,23625
SmartRefreshLayout,https://github.com/scwang90/SmartRefreshLayout,4.0,10,23415
SpringAll,https://github.com/wuyouzhuguli/SpringAll,3.0,0,23121
selenium,https://github.com/SeleniumHQ/selenium,9.0,73,23095
easyexcel,https://github.com/alibaba/easyexcel,4.0,1,22981
BaseRecyclerViewAdapterHelper,https://github.com/CymChad/BaseRecyclerViewAdapterHelper,6.0,192,22718
toBeTopJavaer,https://github.com/hollischuang/toBeTopJavaer,3.0,0,22517
Hystrix,https://github.com/Netflix/Hystrix,9.0,79,22504
canal,https://github.com/alibaba/canal,9.0,22,22505
hutool,https://github.com/dromara/hutool,8.0,111,22296
Signal-Android,https://github.com/signalapp/Signal-Android,10.0,0,22198
nacos,https://github.com/alibaba/nacos,3.0,43,21874
seata,https://github.com/seata/seata,3.0,31,21859
spring-cloud-alibaba,https://github.com/alibaba/spring-cloud-alibaba,4.0,27,21821
halo,https://github.com/halo-dev/halo,4.0,84,21770
kafka,https://github.com/apache/kafka,10.0,0,21539
xxl-job,https://github.com/xuxueli/xxl-job,6.0,30,21052
gson,https://github.com/google/gson,7.0,3,20717
libgdx,https://github.com/libgdx/libgdx,9.0,8,19804
RxAndroid,https://github.com/ReactiveX/RxAndroid,7.0,18,19620
Telegram,https://github.com/DrKLO/Telegram,8.0,73,19554
ExoPlayer,https://github.com/google/ExoPlayer,7.0,18,19119
skywalking,https://github.com/apache/skywalking,6.0,50,18995
Sentinel,https://github.com/alibaba/Sentinel,4.0,19,18787
jenkins,https://github.com/jenkinsci/jenkins,11.0,166,18660
redisson,https://github.com/redisson/redisson,8.0,106,18654
DoraemonKit,https://github.com/didi/DoraemonKit,3.0,7,18588
flink,https://github.com/apache/flink,7.0,0,18461
NewPipe,https://github.com/TeamNewPipe/NewPipe,6.0,116,18398
bazel,https://github.com/bazelbuild/bazel,7.0,146,18368
PhotoView,https://github.com/Baseflow/PhotoView,9.0,5,18162
eladmin,https://github.com/elunez/eladmin,3.0,0,17809
GSYVideoPlayer,https://github.com/CarGuo/GSYVideoPlayer,5.0,32,17298
mybatis-3,https://github.com/mybatis/mybatis-3,9.0,36,16978
litemall,https://github.com/linlinjava/litemall,4.0,8,16961
FizzBuzzEnterpriseEdition,https://github.com/EnterpriseQualityCoding/FizzBuzzEnterpriseEdition,9.0,0,16930
rocketmq,https://github.com/apache/rocketmq,5.0,6,16849
Android-Universal-Image-Loader,https://github.com/nostra13/Android-Universal-Image-Loader,10.0,0,16818
graal,https://github.com/oracle/graal,6.0,32,16801
fresco,https://github.com/facebook/fresco,7.0,45,16764
cat,https://github.com/dianping/cat,9.0,1,16533
HikariCP,https://github.com/brettwooldridge/HikariCP,8.0,0,16537
SpringCloudLearning,https://github.com/forezp/SpringCloudLearning,5.0,0,16481
tinker,https://github.com/Tencent/tinker,5.0,44,16284
zheng,https://github.com/shuzheng/zheng,5.0,0,16240
shardingsphere,https://github.com/apache/shardingsphere,6.0,46,15645
java8-tutorial,https://github.com/winterbe/java8-tutorial,8.0,0,15567
zipkin,https://github.com/openzipkin/zipkin,9.0,67,15260
Android-CleanArchitecture,https://github.com/android10/Android-CleanArchitecture,7.0,0,15120
lottie-react-native,https://github.com/lottie-react-native/lottie-react-native,5.0,9,14943
springboot-learning-example,https://github.com/JeffLi1993/springboot-learning-example,5.0,0,14771
disruptor,https://github.com/LMAX-Exchange/disruptor,9.0,13,14671
Mindustry,https://github.com/Anuken/Mindustry,4.0,134,14294
SpringBoot-Learning,https://github.com/dyc87112/SpringBoot-Learning,5.0,0,14239
CircleImageView,https://github.com/hdodenhof/CircleImageView,8.0,0,14173
ARouter,https://github.com/alibaba/ARouter,5.0,16,13738
Apktool,https://github.com/iBotPeaches/Apktool,10.0,15,13720
Material-Animations,https://github.com/lgvalle/Material-Animations,7.0,0,13557
QMUI_Android,https://github.com/Tencent/QMUI_Android,5.0,35,13511
SpringBoot-Labs,https://github.com/YunaiV/SpringBoot-Labs,3.0,0,13521
elasticsearch-analysis-ik,https://github.com/medcl/elasticsearch-analysis-ik,10.0,158,13512
material-components-android,https://github.com/material-components/material-components-android,5.0,50,13495
leetcode,https://github.com/doocs/leetcode,3.0,19,13475
presto,https://github.com/prestodb/presto,9.0,0,13302
logger,https://github.com/orhanobut/logger,7.0,16,13216
JustAuth,https://github.com/justauth/JustAuth,3.0,45,13199
Android-PickerView,https://github.com/Bigkoo/Android-PickerView,7.0,0,13087
APIJSON,https://github.com/Tencent/APIJSON,5.0,86,13051
VirtualXposed,https://github.com/android-hacker/VirtualXposed,4.0,49,13025
Luban,https://github.com/Curzibn/Luban,5.0,6,12884
bytecode-viewer,https://github.com/Konloch/bytecode-viewer,7.0,57,12841
vert.x,https://github.com/eclipse-vertx/vert.x,10.0,0,12810
mockito,https://github.com/mockito/mockito,9.0,185,12748
Arduino,https://github.com/arduino/Arduino,11.0,37,12704
mybatis-plus,https://github.com/baomidou/mybatis-plus,5.0,22,12640
jdk,https://github.com/openjdk/jdk,3.0,0,12609
greenDAO,https://github.com/greenrobot/greenDAO,10.0,8,12511
stetho,https://github.com/facebook/stetho,7.0,13,12468
hadoop,https://github.com/apache/hadoop,7.0,0,12436
deeplearning4j,https://github.com/eclipse/deeplearning4j,8.0,0,12403
Algorithms,https://github.com/williamfiset/Algorithms,5.0,0,12311
AndroidAutoSize,https://github.com/JessYanCoding/AndroidAutoSize,3.0,14,12249
Matisse,https://github.com/zhihu/Matisse,5.0,15,12232
AndroidSwipeLayout,https://github.com/daimajia/AndroidSwipeLayout,7.0,18,12193
pinpoint,https://github.com/pinpoint-apm/pinpoint,7.0,50,12095
AndroidViewAnimations,https://github.com/daimajia/AndroidViewAnimations,7.0,9,12063
flink-learning,https://github.com/zhisheng17/flink-learning,3.0,0,11942
banner,https://github.com/youth5201314/banner,6.0,0,11856
keycloak,https://github.com/keycloak/keycloak,8.0,19,11834
antlr4,https://github.com/antlr/antlr4,12.0,23,11839
termux-app,https://github.com/termux/termux-app,6.0,89,11845
zuul,https://github.com/Netflix/zuul,9.0,5,11824
openapi-generator,https://github.com/OpenAPITools/openapi-generator,3.0,45,11680
jib,https://github.com/GoogleContainerTools/jib,4.0,136,11644
druid,https://github.com/apache/druid,9.0,48,11639
spring-analysis,https://github.com/seaswalker/spring-analysis,5.0,0,11537
VasSonic,https://github.com/Tencent/VasSonic,4.0,10,11489
piggymetrics,https://github.com/sqshq/piggymetrics,7.0,2,11448
BigData-Notes,https://github.com/heibaiying/BigData-Notes,3.0,0,11464
caffeine,https://github.com/ben-manes/caffeine,7.0,59,11351
PictureSelector,https://github.com/LuckSiege/PictureSelector,5.0,105,11352
thingsboard,https://github.com/thingsboard/thingsboard,5.0,48,11326
realm-java,https://github.com/realm/realm-java,10.0,0,11268
Auto.js,https://github.com/hyb1996/Auto.js,5.0,0,11225
SlidingMenu,https://github.com/jfeinstein10/SlidingMenu,9.0,0,11172
androidannotations,https://github.com/androidannotations/androidannotations,10.0,0,11168
eureka,https://github.com/Netflix/eureka,9.0,142,11164
uCrop,https://github.com/Yalantis/uCrop,6.0,15,11119
lombok,https://github.com/projectlombok/lombok,12.0,3,11045
Mybatis-PageHelper,https://github.com/pagehelper/Mybatis-PageHelper,7.0,9,11021
jd-gui,https://github.com/java-decompiler/jd-gui,7.0,18,11005
PermissionsDispatcher,https://github.com/permissions-dispatcher/PermissionsDispatcher,6.0,40,10908
guice,https://github.com/google/guice,7.0,15,10858
vlayout,https://github.com/alibaba/vlayout,5.0,34,10831
DataX,https://github.com/alibaba/DataX,4.0,0,10816
spring-boot-admin,https://github.com/codecentric/spring-boot-admin,7.0,68,10745
mall-learning,https://github.com/macrozheng/mall-learning,3.0,0,10734
android-async-http,https://github.com/android-async-http/android-async-http,11.0,3,10656
pulsar,https://github.com/apache/pulsar,5.0,53,10575
FlycoTabLayout,https://github.com/H07000223/FlycoTabLayout,6.0,4,10570
FileDownloader,https://github.com/lingochamp/FileDownloader,6.0,65,10493
fullstack-tutorial,https://github.com/frank-lam/fullstack-tutorial,4.0,0,10428
JiaoZiVideoPlayer,https://github.com/lipangit/JiaoZiVideoPlayer,6.0,78,10419
okhttp-OkGo,https://github.com/jeasonlzy/okhttp-OkGo,6.0,14,10412
jedis,https://github.com/redis/jedis,11.0,65,10354
RxPermissions,https://github.com/tbruyelle/RxPermissions,6.0,11,10322
zookeeper,https://github.com/apache/zookeeper,13.0,0,10319
webmagic,https://github.com/code4craft/webmagic,9.0,20,10309
interview,https://github.com/mission-peace/interview,7.0,0,10306
ViewPagerIndicator,https://github.com/JakeWharton/ViewPagerIndicator,10.0,0,10216
ImmersionBar,https://github.com/gyf-dev/ImmersionBar,5.0,0,10215
MVPArms,https://github.com/JessYanCoding/MVPArms,5.0,25,10154
mit-deep-learning-book-pdf,https://github.com/janishar/mit-deep-learning-book-pdf,5.0,3,10117
SmarterStreaming,https://github.com/daniulive/SmarterStreaming,6.0,0,9983
platform_frameworks_base,https://github.com/aosp-mirror/platform_frameworks_base,13.0,0,9926
neo4j,https://github.com/neo4j/neo4j,9.0,72,9866
algorithm-base,https://github.com/chefyuan/algorithm-base,1.0,0,9842
CtCI-6th-Edition,https://github.com/careercup/CtCI-6th-Edition,6.0,0,9754
Fragmentation,https://github.com/YoKeyword/Fragmentation,6.0,30,9720
auto,https://github.com/google/auto,8.0,55,9679
android-Ultra-Pull-To-Refresh,https://github.com/liaohuqiu/android-Ultra-Pull-To-Refresh,7.0,8,9663
Java,https://github.com/DuGuQiuBai/Java,6.0,0,9664
Android-ObservableScrollView,https://github.com/ksoichiro/Android-ObservableScrollView,7.0,0,9625
quarkus,https://github.com/quarkusio/quarkus,3.0,166,9614
AVLoadingIndicatorView,https://github.com/HarlonWang/AVLoadingIndicatorView,6.0,1,9605
glide-transformations,https://github.com/wasabeef/glide-transformations,7.0,0,9602
dex2jar,https://github.com/pxb1988/dex2jar,7.0,6,9586
react-native-camera,https://github.com/react-native-camera/react-native-camera,7.0,144,9565
grpc-java,https://github.com/grpc/grpc-java,7.0,110,9557
javapoet,https://github.com/square/javapoet,9.0,0,9489
PocketHub,https://github.com/pockethub/PocketHub,10.0,1,9451
clojure,https://github.com/clojure/clojure,11.0,0,9417
easypermissions,https://github.com/googlesamples/easypermissions,6.0,12,9412
AndroidSlidingUpPanel,https://github.com/umano/AndroidSlidingUpPanel,8.0,8,9401
zaproxy,https://github.com/zaproxy/zaproxy,6.0,257,9382
jsoup,https://github.com/jhy/jsoup,12.0,5,9371
cas,https://github.com/apereo/cas,10.0,215,9333
paascloud-master,https://github.com/paascloud/paascloud-master,4.0,0,9289
spark,https://github.com/perwendel/spark,11.0,0,9280
Mycat-Server,https://github.com/MyCATApache/Mycat-Server,7.0,7,9254
DanmakuFlameMaster,https://github.com/bilibili/DanmakuFlameMaster,8.0,5,9250
MaterialDesignLibrary,https://github.com/navasmdc/MaterialDesignLibrary,7.0,3,9089
MagicIndicator,https://github.com/hackware1993/MagicIndicator,5.0,12,9086
android-gif-drawable,https://github.com/koral--/android-gif-drawable,9.0,56,9056
spring-boot-api-project-seed,https://github.com/lihengming/spring-boot-api-project-seed,4.0,4,9036
storm,https://github.com/nathanmarz/storm,10.0,0,8929
JsBridge,https://github.com/lzyzsd/JsBridge,7.0,0,8892
Java-WebSocket,https://github.com/TooTallNate/Java-WebSocket,12.0,13,8881
Android-PullToRefresh,https://github.com/chrisbanes/Android-PullToRefresh,10.0,0,8777
StatusBarUtil,https://github.com/laobie/StatusBarUtil,6.0,0,8734
OpenRefine,https://github.com/OpenRefine/OpenRefine,9.0,32,8716
newbee-mall,https://github.com/newbee-ltd/newbee-mall,2.0,0,8677
VirtualAPK,https://github.com/didi/VirtualAPK,4.0,4,8649
Calligraphy,https://github.com/chrisjenx/Calligraphy,8.0,4,8620
android-interview-questions,https://github.com/MindorksOpenSource/android-interview-questions,4.0,0,8616
VirtualApp,https://github.com/asLody/VirtualApp,5.0,0,8594
AndroidNote,https://github.com/GcsSloop/AndroidNote,6.0,0,8573
Android_Data,https://github.com/Freelander/Android_Data,7.0,0,8478
Activiti,https://github.com/Activiti/Activiti,9.0,31,8472
AgentWeb,https://github.com/Justson/AgentWeb,4.0,18,8463
BottomBar,https://github.com/roughike/BottomBar,6.0,4,8445
testing-samples,https://github.com/android/testing-samples,7.0,0,8440
CoreNLP,https://github.com/stanfordnlp/CoreNLP,8.0,8,8404
awesome-java-leetcode,https://github.com/Blankj/awesome-java-leetcode,5.0,0,8354
android-gpuimage,https://github.com/cats-oss/android-gpuimage,9.0,0,8337
Sa-Token,https://github.com/dromara/Sa-Token,2.0,23,8330
mall-swarm,https://github.com/macrozheng/mall-swarm,2.0,1,8316
cim,https://github.com/crossoverJie/cim,3.0,7,8279
junit4,https://github.com/junit-team/junit4,13.0,13,8270
questdb,https://github.com/questdb/questdb,8.0,45,8256
buck,https://github.com/facebook/buck,9.0,56,8238
jjwt,https://github.com/jwtk/jjwt,7.0,0,8214
MaterialViewPager,https://github.com/florent37/MaterialViewPager,7.0,11,8207
dropwizard,https://github.com/dropwizard/dropwizard,11.0,114,8162
CalendarView,https://github.com/huanghaibin-dev/CalendarView,5.0,0,8167
Android-SpinKit,https://github.com/ybq/Android-SpinKit,6.0,0,8159
quickstart-android,https://github.com/firebase/quickstart-android,6.0,0,8061
atlas,https://github.com/alibaba/atlas,5.0,7,8053
Android-Debug-Database,https://github.com/amitshekhariitbhu/Android-Debug-Database,5.0,12,7974
feign,https://github.com/OpenFeign/feign,8.0,22,7934
AndResGuard,https://github.com/shwenzhang/AndResGuard,6.0,4,7911
material-theme-jetbrains,https://github.com/ChrisRM/material-theme-jetbrains,6.0,17,7903
HomeMirror,https://github.com/HannahMitt/HomeMirror,6.0,0,7897
SimianArmy,https://github.com/Netflix/SimianArmy,9.0,4,7869
source-code-hunter,https://github.com/doocs/source-code-hunter,2.0,0,7836
epoxy,https://github.com/airbnb/epoxy,5.0,70,7824
resilience4j,https://github.com/resilience4j/resilience4j,6.0,29,7829
LitePal,https://github.com/guolindev/LitePal,9.0,0,7813
hugo,https://github.com/JakeWharton/hugo,8.0,0,7790
hsweb-framework,https://github.com/hs-web/hsweb-framework,6.0,24,7792
RxLifecycle,https://github.com/trello/RxLifecycle,6.0,22,7693
dolphinscheduler,https://github.com/apache/dolphinscheduler,3.0,24,7557
Signal-Server,https://github.com/signalapp/Signal-Server,8.0,0,7538
react-native-image-picker,https://github.com/react-native-image-picker/react-native-image-picker,6.0,99,7530
RxJava-Android-Samples,https://github.com/kaushikgopal/RxJava-Android-Samples,7.0,0,7526
metrics,https://github.com/dropwizard/metrics,12.0,86,7514
UltimateAndroidReference,https://github.com/aritraroy/UltimateAndroidReference,5.0,0,7475
shardingsphere-elasticjob,https://github.com/apache/shardingsphere-elasticjob,6.0,27,7466
tsunami-security-scanner,https://github.com/google/tsunami-security-scanner,1.0,9,7438
litho,https://github.com/facebook/litho,5.0,48,7361
Jetpack-MVVM-Best-Practice,https://github.com/KunMinX/Jetpack-MVVM-Best-Practice,2.0,0,7354
hellocharts-android,https://github.com/lecho/hellocharts-android,7.0,14,7287
agera,https://github.com/google/agera,6.0,16,7283
dagger,https://github.com/square/dagger,9.0,0,7276
Android-Bootstrap,https://github.com/Bearded-Hen/Android-Bootstrap,8.0,5,7254
vjtools,https://github.com/vipshop/vjtools,3.0,9,7247
UltimateRecyclerView,https://github.com/cymcsg/UltimateRecyclerView,7.0,9,7245
sweet-alert-dialog,https://github.com/pedant/sweet-alert-dialog,7.0,2,7239
SpringCloud,https://github.com/zhoutaoo/SpringCloud,4.0,0,7239
subsampling-scale-image-view,https://github.com/davemorrissey/subsampling-scale-image-view,8.0,21,7226
AndroidAsync,https://github.com/koush/AndroidAsync,9.0,0,7202
cassandra,https://github.com/apache/cassandra,13.0,0,7194
MyBookshelf,https://github.com/gedoor/MyBookshelf,3.0,164,7194
TakePhoto,https://github.com/crazycodeboy/TakePhoto,6.0,15,7180
ActionBarSherlock,https://github.com/JakeWharton/ActionBarSherlock,11.0,32,7155
ShortcutBadger,https://github.com/leolin310148/ShortcutBadger,8.0,0,7151
cryptomator,https://github.com/cryptomator/cryptomator,8.0,127,7151
WeChatLuckyMoney,https://github.com/geeeeeeeeek/WeChatLuckyMoney,6.0,20,7135
capacitor,https://github.com/ionic-team/capacitor,4.0,75,7131
AndroidPdfViewer,https://github.com/barteksc/AndroidPdfViewer,5.0,0,7093
otter,https://github.com/alibaba/otter,8.0,10,7085
jna,https://github.com/java-native-access/jna,11.0,0,7053
onedev,https://github.com/theonedev/onedev,3.0,112,7051
metersphere,https://github.com/metersphere/metersphere,2.0,138,7038
COLA,https://github.com/alibaba/COLA,4.0,4,7009
android-classyshark,https://github.com/google/android-classyshark,6.0,17,6983
SmartTabLayout,https://github.com/ogaclejapan/SmartTabLayout,7.0,0,6967
swagger-core,https://github.com/swagger-api/swagger-core,10.0,72,6953
checkstyle,https://github.com/checkstyle/checkstyle,8.0,114,6953
RePlugin,https://github.com/Qihoo360/RePlugin,4.0,17,6937
algs4,https://github.com/kevin-wayne/algs4,6.0,0,6926
MVVMHabit,https://github.com/goldze/MVVMHabit,4.0,3,6913
SpringCloud-Learning,https://github.com/dyc87112/SpringCloud-Learning,5.0,0,6906
EhViewer,https://github.com/seven332/EhViewer,7.0,97,6906
okhttputils,https://github.com/hongyangAndroid/okhttputils,6.0,0,6865
JsonPath,https://github.com/json-path/JsonPath,11.0,8,6800
Mapper,https://github.com/abel533/Mapper,7.0,2,6788
RIBs,https://github.com/uber/RIBs,4.0,4,6792
kkFileView,https://github.com/kekingcn/kkFileView,4.0,10,6791
DSA-Bootcamp-Java,https://github.com/kunal-kushwaha/DSA-Bootcamp-Java,0.0,0,6759
DroidPlugin,https://github.com/DroidPluginTeam/DroidPlugin,6.0,2,6708
AndroidAutoLayout,https://github.com/hongyangAndroid/AndroidAutoLayout,6.0,0,6694
spring-security,https://github.com/spring-projects/spring-security,10.0,95,6691
Timber,https://github.com/naman14/Timber,6.0,5,6676
LeetCode,https://github.com/yuanguangxin/LeetCode,2.0,0,6650
sonarqube,https://github.com/SonarSource/sonarqube,11.0,25,6645
elasticsearch-sql,https://github.com/NLPchina/elasticsearch-sql,7.0,189,6646
xmall,https://github.com/Exrick/xmall,4.0,0,6593
tech-interview-for-developer,https://github.com/gyoogle/tech-interview-for-developer,2.0,0,6593
AndPermission,https://github.com/yanzhenjie/AndPermission,5.0,0,6552
k-9,https://github.com/k9mail/k-9,11.0,127,6526
im-server,https://github.com/wildfirechat/im-server,3.0,64,6504
angel,https://github.com/Angel-ML/angel,5.0,19,6500
VBlog,https://github.com/lenve/VBlog,4.0,0,6489
debezium,https://github.com/debezium/debezium,6.0,0,6470
flyway,https://github.com/flyway/flyway,9.0,135,6462
gocd,https://github.com/gocd/gocd,8.0,71,6405
closure-compiler,https://github.com/google/closure-compiler,8.0,0,6397
walle,https://github.com/Meituan-Dianping/walle,5.0,1,6361
android-floating-action-button,https://github.com/zendesk/android-floating-action-button,7.0,0,6361
storm,https://github.com/apache/storm,8.0,0,6335
react-native-push-notification,https://github.com/zo0r/react-native-push-notification,6.0,35,6327
languagetool,https://github.com/languagetool-org/languagetool,8.0,0,6325
FrameworkBenchmarks,https://github.com/TechEmpower/FrameworkBenchmarks,9.0,15,6323
Toasty,https://github.com/GrenderG/Toasty,5.0,19,6315
AndroidPerformanceMonitor,https://github.com/markzhai/AndroidPerformanceMonitor,6.0,0,6311
ion,https://github.com/koush/ion,8.0,0,6303
RoundedImageView,https://github.com/vinc3m1/RoundedImageView,9.0,19,6302
XPopup,https://github.com/li-xiaojun/XPopup,3.0,176,6300
nanohttpd,https://github.com/NanoHttpd/nanohttpd,9.0,3,6279
spider-flow,https://github.com/ssssssss-team/spider-flow,2.0,2,6290
Shadow,https://github.com/Tencent/Shadow,2.0,3,6273
processing,https://github.com/processing/processing,9.0,48,6189
haven,https://github.com/guardianproject/haven,5.0,37,6176
airbyte,https://github.com/airbytehq/airbyte,1.0,190,6177
mybatis-generator-gui,https://github.com/zouzg/mybatis-generator-gui,5.0,16,6147
SwipeBackLayout,https://github.com/ikew0ng/SwipeBackLayout,8.0,0,6140
MaterialEditText,https://github.com/rengwuxian/MaterialEditText,7.0,19,6117
ansj_seg,https://github.com/NLPchina/ansj_seg,9.0,3,6105
BookReader,https://github.com/smuyyh/BookReader,5.0,0,6079
graylog2-server,https://github.com/Graylog2/graylog2-server,12.0,0,6074
react-native-video,https://github.com/react-native-video/react-native-video,7.0,6,6076
EffectiveAndroidUI,https://github.com/pedrovgs/EffectiveAndroidUI,7.0,0,6046
material,https://github.com/rey5137/material,7.0,10,6046
Android-Image-Cropper,https://github.com/ArthurHub/Android-Image-Cropper,7.0,32,6037
physical-web,https://github.com/google/physical-web,7.0,17,6036
incubator-shenyu,https://github.com/apache/incubator-shenyu,3.0,5,6016
jmeter,https://github.com/apache/jmeter,12.0,0,6011
remusic,https://github.com/aa112901/remusic,6.0,0,5988
NumberProgressBar,https://github.com/daimajia/NumberProgressBar,8.0,3,5981
androidmvp,https://github.com/antoniolg/androidmvp,8.0,0,5963
dynamic-load-apk,https://github.com/singwhatiwanna/dynamic-load-apk,8.0,0,5963
react-native-svg,https://github.com/react-native-svg/react-native-svg,6.0,76,5963
cachecloud,https://github.com/sohutv/cachecloud,6.0,6,5966
tomcat,https://github.com/apache/tomcat,10.0,0,5948
async-http-client,https://github.com/AsyncHttpClient/async-http-client,11.0,0,5928
aeron,https://github.com/real-logic/aeron,8.0,79,5916
xUtils3,https://github.com/wyouflf/xUtils3,6.0,9,5915
error-prone,https://github.com/google/error-prone,7.0,17,5911
spring-cloud-examples,https://github.com/ityouknow/spring-cloud-examples,4.0,0,5887
j2objc,https://github.com/google/j2objc,8.0,39,5872
JFoenix,https://github.com/sshahine/JFoenix,6.0,0,5824
springside4,https://github.com/springside/springside4,10.0,3,5787
Android-skin-support,https://github.com/ximsfei/Android-skin-support,5.0,0,5779
karate,https://github.com/karatelabs/karate,5.0,43,5785
rabbitmq-tutorials,https://github.com/rabbitmq/rabbitmq-tutorials,11.0,0,5774
rest-assured,https://github.com/rest-assured/rest-assured,11.0,0,5774
material-calendarview,https://github.com/prolificinteractive/material-calendarview,7.0,22,5771
javacv,https://github.com/bytedeco/javacv,8.0,8,5774
testcontainers-java,https://github.com/testcontainers/testcontainers-java,7.0,54,5769
BoomMenu,https://github.com/Nightonke/BoomMenu,6.0,0,5755
motan,https://github.com/weibocom/motan,6.0,17,5756
richeditor-android,https://github.com/wasabeef/richeditor-android,7.0,0,5756
Paper,https://github.com/PaperMC/Paper,6.0,1,5731
onemall,https://github.com/YunaiV/onemall,2.0,0,5738
InfiniteCycleViewPager,https://github.com/Devlight/InfiniteCycleViewPager,5.0,2,5719
u2020,https://github.com/JakeWharton/u2020,8.0,0,5720
jsonschema2pojo,https://github.com/joelittlejohn/jsonschema2pojo,8.0,58,5700
FEBS-Shiro,https://github.com/febsteam/FEBS-Shiro,4.0,0,5692
netty-socketio,https://github.com/mrniko/netty-socketio,10.0,3,5690
SDE-Interview-Questions,https://github.com/twowaits/SDE-Interview-Questions,4.0,1,5684
pentaho-kettle,https://github.com/pentaho/pentaho-kettle,8.0,1,5669
DiskLruCache,https://github.com/JakeWharton/DiskLruCache,10.0,0,5661
AndroidImageSlider,https://github.com/daimajia/AndroidImageSlider,7.0,5,5651
ListViewAnimations,https://github.com/nhaarman/ListViewAnimations,9.0,14,5636
zeppelin,https://github.com/apache/zeppelin,7.0,0,5627
Spring-Cloud-Platform,https://github.com/wxiaoqi/Spring-Cloud-Platform,4.0,3,5630
FastHub,https://github.com/k0shk0sh/FastHub,5.0,63,5608
blade,https://github.com/lets-blade/blade,6.0,9,5600
ssm,https://github.com/liyifeng1994/ssm,5.0,0,5598
plantuml,https://github.com/plantuml/plantuml,11.0,10,5589
ShowcaseView,https://github.com/amlcurran/ShowcaseView,9.0,13,5578
DiscreteScrollView,https://github.com/yarolegovich/DiscreteScrollView,5.0,2,5573
circular-progress-button,https://github.com/dmytrodanylyk/circular-progress-button,7.0,1,5571
springfox,https://github.com/springfox/springfox,10.0,12,5565
alluxio,https://github.com/Alluxio/alluxio,9.0,53,5561
config,https://github.com/lightbend/config,10.0,0,5553
ja-netfilter,https://github.com/ja-netfilter/ja-netfilter,0.0,1,5599
FlowLayout,https://github.com/hongyangAndroid/FlowLayout,6.0,0,5545
from-java-to-kotlin,https://github.com/MindorksOpenSource/from-java-to-kotlin,4.0,0,5553
aurora-imui,https://github.com/jpush/aurora-imui,5.0,42,5542
Java-Tutorial,https://github.com/h2pl/Java-Tutorial,3.0,0,5537
StickyListHeaders,https://github.com/emilsjolander/StickyListHeaders,10.0,16,5522
grafika,https://github.com/google/grafika,8.0,1,5515
disconf,https://github.com/knightliao/disconf,7.0,12,5513
freeline,https://github.com/alibaba/freeline,5.0,22,5494
mosby,https://github.com/sockeqwe/mosby,7.0,15,5483
smile,https://github.com/haifengl/smile,7.0,22,5478
rebound,https://github.com/facebookarchive/rebound,8.0,10,5469
springBoot,https://github.com/527515025/springBoot,5.0,0,5464
AndroidPicker,https://github.com/gzu-liyujiang/AndroidPicker,6.0,50,5458
graphql-java,https://github.com/graphql-java/graphql-java,6.0,40,5445
robolectric,https://github.com/robolectric/robolectric,11.0,82,5431
barcodescanner,https://github.com/dm77/barcodescanner,8.0,6,5429
beam,https://github.com/apache/beam,6.0,20,5405
dataease,https://github.com/dataease/dataease,1.0,24,5411
SystemBarTint,https://github.com/jgilfelt/SystemBarTint,8.0,3,5392
Fast-Android-Networking,https://github.com/amitshekhariitbhu/Fast-Android-Networking,6.0,8,5377
tcc-transaction,https://github.com/changmingxie/tcc-transaction,6.0,4,5379
android-job,https://github.com/evernote/android-job,6.0,31,5373
MinecraftForge,https://github.com/MinecraftForge/MinecraftForge,10.0,0,5364
gradle-retrolambda,https://github.com/evant/gradle-retrolambda,8.0,37,5361
HTextView,https://github.com/hanks-zyh/HTextView,6.0,0,5347
smali,https://github.com/JesusFreke/smali,9.0,1,5345
XRecyclerView,https://github.com/XRecyclerView/XRecyclerView,6.0,0,5285
cw-omnibus,https://github.com/commonsguy/cw-omnibus,10.0,36,5271
twoway-view,https://github.com/lucasr/twoway-view,9.0,0,5272
dubbo-spring-boot-project,https://github.com/apache/dubbo-spring-boot-project,4.0,13,5273
micronaut-core,https://github.com/micronaut-projects/micronaut-core,4.0,120,5268
Leaf,https://github.com/Meituan-Dianping/Leaf,3.0,0,5264
VitamioBundle,https://github.com/yixia/VitamioBundle,9.0,0,5250
scribejava,https://github.com/scribejava/scribejava,11.0,7,5241
datahub,https://github.com/datahub-project/datahub,6.0,49,5239
supertokens-core,https://github.com/supertokens/supertokens-core,2.0,0,5338
SwipeRecyclerView,https://github.com/yanzhenjie/SwipeRecyclerView,5.0,0,5232
FloatingActionButton,https://github.com/Clans/FloatingActionButton,7.0,14,5209
SmartTubeNext,https://github.com/yuliskov/SmartTubeNext,1.0,65,5209
otto,https://github.com/square/otto,9.0,0,5205
android-advancedrecyclerview,https://github.com/h6ah4i/android-advancedrecyclerview,7.0,1,5203
lawnchair,https://github.com/LawnchairLauncher/lawnchair,5.0,34,5213
Side-Menu.Android,https://github.com/Yalantis/Side-Menu.Android,7.0,2,5192
MagicCamera,https://github.com/wuhaoyu1990/MagicCamera,6.0,0,5191
useful-java-links,https://github.com/Vedenin/useful-java-links,6.0,0,5184
titan,https://github.com/thinkaurelius/titan,10.0,0,5173
android-lifecycle,https://github.com/xxv/android-lifecycle,8.0,0,5171
wechat,https://github.com/motianhuo/wechat,6.0,0,5165
camerakit-android,https://github.com/CameraKit/camerakit-android,5.0,17,5158
Blurry,https://github.com/wasabeef/Blurry,6.0,0,5161
TapTargetView,https://github.com/KeepSafe/TapTargetView,5.0,23,5151
trino,https://github.com/trinodb/trino,3.0,0,5150
react-native-splash-screen,https://github.com/crazycodeboy/react-native-splash-screen,5.0,12,5142
Dexter,https://github.com/Karumi/Dexter,6.0,33,5136
ysoserial,https://github.com/frohoff/ysoserial,7.0,0,5125
junit5,https://github.com/junit-team/junit5,7.0,54,5092
aws-doc-sdk-examples,https://github.com/awsdocs/aws-doc-sdk-examples,5.0,0,5057
mapstruct,https://github.com/mapstruct/mapstruct,9.0,22,5053
zxing-android-embedded,https://github.com/journeyapps/zxing-android-embedded,9.0,9,5047
flowable-engine,https://github.com/flowable/flowable-engine,5.0,20,5046
InstaMaterial,https://github.com/frogermcs/InstaMaterial,7.0,1,5034
ctci,https://github.com/careercup/ctci,9.0,0,5031
UltraViewPager,https://github.com/alibaba/UltraViewPager,5.0,10,5027
Android-ZBLibrary,https://github.com/TommyLemon/Android-ZBLibrary,6.0,25,5027
Small,https://github.com/wequick/Small,6.0,25,5012
btrace,https://github.com/btraceio/btrace,7.0,29,5008
android-common,https://github.com/Trinea/android-common,9.0,1,4999
transmittable-thread-local,https://github.com/alibaba/transmittable-thread-local,8.0,49,5002
spring-mvc-showcase,https://github.com/spring-attic/spring-mvc-showcase,10.0,0,4988
RippleEffect,https://github.com/traex/RippleEffect,7.0,0,4961
RxJava2-Android-Samples,https://github.com/amitshekhariitbhu/RxJava2-Android-Samples,5.0,0,4957
wiremock,https://github.com/wiremock/wiremock,10.0,1,4957
dialogplus,https://github.com/orhanobut/dialogplus,7.0,9,4953
android-zxingLibrary,https://github.com/yipianfengye/android-zxingLibrary,5.0,0,4919
shimmer-android,https://github.com/facebook/shimmer-android,7.0,5,4918
NavigationTabBar,https://github.com/Devlight/NavigationTabBar,6.0,13,4910
hibernate-orm,https://github.com/hibernate/hibernate-orm,11.0,16,4909
quartz,https://github.com/quartz-scheduler/quartz,6.0,2,4912
generator,https://github.com/mybatis/generator,9.0,10,4901
AndroidVideoCache,https://github.com/danikula/AndroidVideoCache,7.0,20,4903
socket.io-client-java,https://github.com/socketio/socket.io-client-java,9.0,3,4884
folding-cell-android,https://github.com/Ramotion/folding-cell-android,6.0,0,4867
lanproxy,https://github.com/ffay/lanproxy,5.0,1,4864
GravitySnapHelper,https://github.com/rubensousa/GravitySnapHelper,5.0,14,4863
Transitions-Everywhere,https://github.com/andkulikov/Transitions-Everywhere,7.0,23,4854
jOOQ,https://github.com/jOOQ/jOOQ,11.0,0,4853
Aria,https://github.com/AriaLyy/Aria,6.0,26,4859
ksql,https://github.com/confluentinc/ksql,5.0,8,4849
lucida,https://github.com/claritylab/lucida,7.0,0,4824
jvm-sandbox,https://github.com/alibaba/jvm-sandbox,4.0,12,4820
byte-buddy,https://github.com/raphw/byte-buddy,8.0,246,4819
Anki-Android,https://github.com/ankidroid/Anki-Android,9.0,988,4809
LayoutManagerGroup,https://github.com/DingMouRen/LayoutManagerGroup,3.0,0,4803
hazelcast,https://github.com/hazelcast/hazelcast,10.0,167,4792
AndroidStaggeredGrid,https://github.com/etsy/AndroidStaggeredGrid,8.0,7,4789
Discovery,https://github.com/Nepxion/Discovery,3.0,112,4782
google-authenticator,https://github.com/google/google-authenticator,7.0,0,4779
joda-time,https://github.com/JodaOrg/joda-time,11.0,36,4766
packer-ng-plugin,https://github.com/mcxiaoke/packer-ng-plugin,6.0,1,4763
OpenSearch,https://github.com/opensearch-project/OpenSearch,1.0,12,4760
cameraview,https://github.com/google/cameraview,5.0,0,4736
Android-ConvenientBanner,https://github.com/saiwu-bigkoo/Android-ConvenientBanner,7.0,0,4732
vavr,https://github.com/vavr-io/vavr,8.0,17,4737
smartTable,https://github.com/huangyanbin/smartTable,4.0,44,4728
cardslib,https://github.com/gabrielemariotti/cardslib,8.0,27,4718
ActiveAndroid,https://github.com/pardom-zz/ActiveAndroid,9.0,0,4716
AndroidProject,https://github.com/getActivity/AndroidProject,3.0,17,4724
BasePopup,https://github.com/razerdp/BasePopup,6.0,15,4693
gephi,https://github.com/gephi/gephi,10.0,13,4687
baseAdapter,https://github.com/hongyangAndroid/baseAdapter,6.0,0,4670
springcloud-learning,https://github.com/macrozheng/springcloud-learning,2.0,0,4664
CloudReader,https://github.com/youlookwhat/CloudReader,5.0,25,4651
java-jwt,https://github.com/auth0/java-jwt,8.0,33,4649
zfile,https://github.com/zhaojun1998/zfile,2.0,39,4652
MaterialDateTimePicker,https://github.com/wdullaer/MaterialDateTimePicker,7.0,54,4644
sqlbrite,https://github.com/square/sqlbrite,7.0,9,4635
GmsCore,https://github.com/microg/GmsCore,8.0,26,4630
opentsdb,https://github.com/OpenTSDB/opentsdb,11.0,26,4628
SoloPi,https://github.com/alipay/SoloPi,3.0,7,4619
JS-Sorting-Algorithm,https://github.com/hustcc/JS-Sorting-Algorithm,5.0,0,4619
go-lang-idea-plugin,https://github.com/go-lang-plugin-org/go-lang-idea-plugin,11.0,21,4601
Depth-LIB-Android-,https://github.com/danielzeller/Depth-LIB-Android-,6.0,0,4585
itstack-demo-design,https://github.com/fuzhengwei/itstack-demo-design,1.0,0,4586
uid-generator,https://github.com/baidu/uid-generator,5.0,0,4589
JAViewer,https://github.com/SplashCodes/JAViewer,5.0,10,4578
SimplifyReader,https://github.com/chentao0707/SimplifyReader,6.0,0,4576
EdXposed,https://github.com/ElderDrivers/EdXposed,3.0,27,4565
SwitchButton,https://github.com/kyleduo/SwitchButton,7.0,0,4559
okdownload,https://github.com/lingochamp/okdownload,4.0,8,4560
chuck,https://github.com/jgilfelt/chuck,5.0,5,4558
spring-cloud-netflix,https://github.com/spring-cloud/spring-cloud-netflix,7.0,2,4546
v9porn,https://github.com/techGay/v9porn,4.0,9,4542
spring-security-oauth,https://github.com/spring-projects/spring-security-oauth,10.0,0,4542
bottomsheet,https://github.com/Flipboard/bottomsheet,7.0,10,4535
PageIndicatorView,https://github.com/romandanylyk/PageIndicatorView,5.0,14,4527
android-crop,https://github.com/jdamcd/android-crop,8.0,6,4525
NineOldAndroids,https://github.com/JakeWharton/NineOldAndroids,10.0,0,4523
sofa-boot,https://github.com/sofastack/sofa-boot,4.0,50,4523
android-tips-tricks,https://github.com/nisrulz/android-tips-tricks,5.0,0,4513
PLDroidPlayer,https://github.com/pili-engineering/PLDroidPlayer,6.0,41,4509
Douya,https://github.com/zhanghai/Douya,6.0,11,4506
FastBle,https://github.com/Jasonchenlijian/FastBle,5.0,9,4509
lettuce-core,https://github.com/lettuce-io/lettuce-core,8.0,99,4491
mapdb,https://github.com/jankotek/mapdb,9.0,0,4484
groovy,https://github.com/apache/groovy,7.0,0,4465
android-times-square,https://github.com/square/android-times-square,9.0,0,4449
dexposed,https://github.com/alibaba/dexposed,6.0,0,4440
bilibili-android-client,https://github.com/HotBitmapGG/bilibili-android-client,5.0,1,4434
SmoothProgressBar,https://github.com/castorflex/SmoothProgressBar,8.0,9,4430
orientdb,https://github.com/orientechnologies/orientdb,9.0,180,4427
hbase,https://github.com/apache/hbase,7.0,20,4418
quasar,https://github.com/puniverse/quasar,9.0,18,4404
spring-data-examples,https://github.com/spring-projects/spring-data-examples,8.0,0,4402
google-java-format,https://github.com/google/google-java-format,6.0,17,4398
janusgraph,https://github.com/JanusGraph/janusgraph,5.0,20,4380
Luyten,https://github.com/deathmarine/Luyten,8.0,17,4372
FirebaseUI-Android,https://github.com/firebase/FirebaseUI-Android,6.0,64,4370
android-mvp-architecture,https://github.com/MindorksOpenSource/android-mvp-architecture,5.0,0,4365
android-volley,https://github.com/mcxiaoke/android-volley,8.0,0,4349
LSPosed,https://github.com/LSPosed/LSPosed,1.0,30,4340
gpmall,https://github.com/2227324689/gpmall,2.0,0,4337
reactive-streams-jvm,https://github.com/reactive-streams/reactive-streams-jvm,8.0,0,4327
api-samples,https://github.com/youtube/api-samples,8.0,0,4326
springboot-guide,https://github.com/CodingDocs/springboot-guide,3.0,0,4323
cglib,https://github.com/cglib/cglib,8.0,15,4323
BottomNavigation,https://github.com/Ashok-Varma/BottomNavigation,6.0,16,4309
drools,https://github.com/kiegroup/drools,11.0,0,4296
roncoo-pay,https://github.com/roncoo/roncoo-pay,5.0,0,4292
coursera-android,https://github.com/aporter/coursera-android,8.0,0,4283
lamp-cloud,https://github.com/zuihou/lamp-cloud,4.0,0,4285
BGARefreshLayout-Android,https://github.com/bingoogolapple/BGARefreshLayout-Android,6.0,4,4280
GT,https://github.com/Tencent/GT,6.0,3,4265
baritone,https://github.com/cabaletta/baritone,3.0,61,4265
bitcoinj,https://github.com/bitcoinj/bitcoinj,8.0,1,4256
crawler4j,https://github.com/yasserg/crawler4j,10.0,3,4250
Spring-Boot-In-Action,https://github.com/hansonwang99/Spring-Boot-In-Action,3.0,0,4247
ticker,https://github.com/robinhood/ticker,5.0,9,4243
CameraView,https://github.com/natario1/CameraView,4.0,42,4240
ImagePicker,https://github.com/jeasonlzy/ImagePicker,6.0,5,4232
LintCode,https://github.com/awangdev/LintCode,7.0,0,4226
JGrowing,https://github.com/javagrowing/JGrowing,3.0,0,4222
ribbon,https://github.com/Netflix/ribbon,9.0,41,4208
hive,https://github.com/apache/hive,13.0,0,4202
shopping-management-system,https://github.com/zhanglei-workspace/shopping-management-system,6.0,0,4204
camel,https://github.com/apache/camel,13.0,0,4199
android-autofittextview,https://github.com/grantland/android-autofittextview,11.0,1,4180
gnirehtet,https://github.com/Genymobile/gnirehtet,5.0,11,4178
Android-IMSI-Catcher-Detector,https://github.com/CellularPrivacy/Android-IMSI-Catcher-Detector,8.0,48,4170
Robust,https://github.com/Meituan-Dianping/Robust,5.0,13,4165
DeepLinkDispatch,https://github.com/airbnb/DeepLinkDispatch,6.0,22,4151
AntennaPod,https://github.com/AntennaPod/AntennaPod,9.0,43,4136
spring-boot-projects,https://github.com/ZHENFENG13/spring-boot-projects,5.0,0,4134
JKeyboardPanelSwitch,https://github.com/Jacksgong/JKeyboardPanelSwitch,6.0,14,4128
AndroidWiFiADB,https://github.com/pedrovgs/AndroidWiFiADB,6.0,8,4123
javaparser,https://github.com/javaparser/javaparser,10.0,33,4126
CoordinatorTabLayout,https://github.com/hugeterry/CoordinatorTabLayout,5.0,0,4120
libsvm,https://github.com/cjlin1/libsvm,8.0,0,4116
ShineButton,https://github.com/ChadCSong/ShineButton,5.0,2,4113
tx-lcn,https://github.com/codingapi/tx-lcn,4.0,14,4114
ignite,https://github.com/apache/ignite,7.0,0,4106
xpay,https://github.com/Exrick/xpay,4.0,0,4106
views-widgets-samples,https://github.com/android/views-widgets-samples,2.0,0,4105
rocketmq-externals,https://github.com/apache/rocketmq-externals,5.0,0,4092
BGABanner-Android,https://github.com/bingoogolapple/BGABanner-Android,7.0,0,4084
StepView,https://github.com/baoyachi/StepView,5.0,13,4077
reflections,https://github.com/ronmamo/reflections,9.0,3,4075
Tangram-Android,https://github.com/alibaba/Tangram-Android,5.0,38,4057
thumbnailator,https://github.com/coobird/thumbnailator,6.0,0,4057
ViewPagerCards,https://github.com/rubensousa/ViewPagerCards,5.0,0,4053
conductor,https://github.com/Netflix/conductor,5.0,280,4057
OpenHub,https://github.com/ThirtyDegreesRay/OpenHub,4.0,31,4045
YCSB,https://github.com/brianfrankcooper/YCSB,12.0,55,4042
Phoenix,https://github.com/Yalantis/Phoenix,7.0,1,4038
CircleIndicator,https://github.com/ongakuer/CircleIndicator,7.0,7,4039
reactor-core,https://github.com/reactor/reactor-core,6.0,112,4034
JSON-java,https://github.com/stleary/JSON-java,11.0,15,4037
FloatingActionButton,https://github.com/makovkastar/FloatingActionButton,7.0,0,4025
LoadingDrawable,https://github.com/dinuscxj/LoadingDrawable,6.0,0,4024
Conversations,https://github.com/iNPUTmice/Conversations,8.0,103,4018
objectbox-java,https://github.com/objectbox/objectbox-java,5.0,29,4004
azkaban,https://github.com/azkaban/azkaban,9.0,48,3998
Bolts-Android,https://github.com/BoltsFramework/Bolts-Android,8.0,11,3985
java-algorithms-implementation,https://github.com/phishman3579/java-algorithms-implementation,8.0,0,3989
SpringBoot-Shiro-Vue,https://github.com/Heeexy/SpringBoot-Shiro-Vue,4.0,0,3982
FloatWindow,https://github.com/yhaolpz/FloatWindow,4.0,9,3976
RxJavaSamples,https://github.com/rengwuxian/RxJavaSamples,6.0,3,3970
BadgeView,https://github.com/qstumn/BadgeView,5.0,5,3969
ruoyi-vue-pro,https://github.com/YunaiV/ruoyi-vue-pro,1.0,9,4024
GCViewer,https://github.com/chewiebug/GCViewer,10.0,5,3953
InternetArchitect,https://github.com/bjmashibing/InternetArchitect,2.0,0,3948
jstorm,https://github.com/alibaba/jstorm,8.0,22,3944
dddsample-core,https://github.com/citerus/dddsample-core,7.0,0,3943
TwinklingRefreshLayout,https://github.com/lcodecorex/TwinklingRefreshLayout,6.0,0,3934
java-learning,https://github.com/brianway/java-learning,6.0,0,3932
linuxdeploy,https://github.com/meefik/linuxdeploy,9.0,37,3931
simplify,https://github.com/CalebFenton/simplify,8.0,9,3929
ExpandableTextView,https://github.com/Manabu-GT/ExpandableTextView,7.0,4,3925
bisq,https://github.com/bisq-network/bisq,8.0,120,3922
android-iconify,https://github.com/JoanZapata/android-iconify,8.0,0,3915
DependencyCheck,https://github.com/jeremylong/DependencyCheck,9.0,31,3919
DKVideoPlayer,https://github.com/Doikki/DKVideoPlayer,5.0,30,3921
AndroidHttpCapture,https://github.com/JZ-Darkal/AndroidHttpCapture,5.0,1,3906
CC,https://github.com/luckybilly/CC,4.0,0,3903
XCL-Charts,https://github.com/xcltapestry/XCL-Charts,7.0,0,3900
mybatis,https://github.com/tuguangquan/mybatis,7.0,0,3908
rstudio,https://github.com/rstudio/rstudio,11.0,0,3899
moco,https://github.com/dreamhead/moco,9.0,0,3898
pinot,https://github.com/apache/pinot,7.0,15,3880
jodd,https://github.com/oblac/jodd,9.0,37,3883
ahbottomnavigation,https://github.com/aurelhubert/ahbottomnavigation,6.0,14,3875
Gadgetbridge,https://github.com/Freeyourgadget/Gadgetbridge,7.0,0,3868
BigImageViewer,https://github.com/Piasy/BigImageViewer,5.0,0,3861
vespa,https://github.com/vespa-engine/vespa,5.0,15,3850
hawk,https://github.com/orhanobut/hawk,7.0,22,3842
greys-anatomy,https://github.com/oldmanpushcart/greys-anatomy,9.0,0,3839
Conductor,https://github.com/bluelinelabs/Conductor,6.0,19,3835
react-native-webrtc,https://github.com/react-native-webrtc/react-native-webrtc,6.0,42,3833
hmily,https://github.com/dromara/hmily,4.0,0,3825
web3j,https://github.com/web3j/web3j,5.0,95,3824
roboguice,https://github.com/roboguice/roboguice,9.0,0,3817
AndroidTutorialForBeginners,https://github.com/hussien89aa/AndroidTutorialForBeginners,5.0,0,3816
JavaBooks,https://github.com/itwanger/JavaBooks,1.0,0,3820
pmd,https://github.com/pmd/pmd,9.0,74,3798
MaterialSearchView,https://github.com/MiguelCatalan/MaterialSearchView,6.0,6,3794
javacpp,https://github.com/bytedeco/javacpp,8.0,8,3792
frontend-maven-plugin,https://github.com/eirslett/frontend-maven-plugin,8.0,0,3776
shiro,https://github.com/apache/shiro,12.0,0,3773
easy-rules,https://github.com/j-easy/easy-rules,9.0,10,3774
AmazeFileManager,https://github.com/TeamAmaze/AmazeFileManager,7.0,58,3768
powermock,https://github.com/powermock/powermock,7.0,16,3766
LogiKM,https://github.com/didi/LogiKM,2.0,13,3771
IJPay,https://github.com/Javen205/IJPay,4.0,23,3766
malmo,https://github.com/microsoft/malmo,5.0,21,3756
learning-spark,https://github.com/databricks/learning-spark,7.0,0,3747
RichText,https://github.com/zzhoujay/RichText,6.0,0,3739
xdm,https://github.com/subhra74/xdm,4.0,3,3742
NetGuard,https://github.com/M66B/NetGuard,6.0,134,3730
sticky-headers-recyclerview,https://github.com/timehop/sticky-headers-recyclerview,7.0,0,3726
XUI,https://github.com/xuexiangjys/XUI,3.0,21,3721
querydsl,https://github.com/querydsl/querydsl,10.0,34,3720
NoHttp,https://github.com/yanzhenjie/NoHttp,6.0,0,3715
CircleProgress,https://github.com/lzyzsd/CircleProgress,7.0,0,3702
SmartCropper,https://github.com/pqpo/SmartCropper,4.0,13,3703
spruce-android,https://github.com/willowtreeapps/spruce-android,5.0,3,3691
lwjgl3,https://github.com/LWJGL/lwjgl3,9.0,16,3688
failsafe,https://github.com/failsafe-lib/failsafe,6.0,0,3683
Launcher3,https://github.com/amirzaidi/Launcher3,4.0,22,3670
epic,https://github.com/tiann/epic,4.0,5,3673
HMCL,https://github.com/huanghongxun/HMCL,6.0,177,3674
Recaf,https://github.com/Col-E/Recaf,4.0,168,3669
ASimpleCache,https://github.com/yangfuhai/ASimpleCache,8.0,0,3655
GuideView,https://github.com/binIoter/GuideView,5.0,0,3650
StylishMusicPlayer,https://github.com/ryanhoo/StylishMusicPlayer,5.0,0,3629
datax-web,https://github.com/WeiYe-Jing/datax-web,2.0,5,3631
emojicon,https://github.com/rockerhieu/emojicon,8.0,2,3618
MarqueeView,https://github.com/sunfusheng/MarqueeView,5.0,0,3617
open-location-code,https://github.com/google/open-location-code,7.0,5,3618
android-common,https://github.com/litesuits/android-common,7.0,0,3616
ForestBlog,https://github.com/saysky/ForestBlog,4.0,0,3618
SuperTextView,https://github.com/lygttpod/SuperTextView,5.0,39,3614
mockserver,https://github.com/mock-server/mockserver,9.0,0,3612
jitsi,https://github.com/jitsi/jitsi,9.0,7,3613
graphhopper,https://github.com/graphhopper/graphhopper,10.0,35,3601
runelite,https://github.com/runelite/runelite,6.0,0,3596
tech-weekly,https://github.com/mercyblitz/tech-weekly,3.0,0,3592
parceler,https://github.com/johncarl81/parceler,8.0,0,3582
tiny-spring,https://github.com/code4craft/tiny-spring,8.0,0,3583
Store,https://github.com/nytimes/Store,5.0,0,3580
androidx,https://github.com/androidx/androidx,1.0,0,3581
incubator-heron,https://github.com/apache/incubator-heron,6.0,56,3579
ExplosionField,https://github.com/tyrantgit/ExplosionField,6.0,0,3578
JSqlParser,https://github.com/JSQLParser/JSqlParser,10.0,27,3578
SpringBootVulExploit,https://github.com/LandGrey/SpringBootVulExploit,1.0,0,3609
spring-boot-starter,https://github.com/mybatis/spring-boot-starter,6.0,23,3567
atmosphere,https://github.com/Atmosphere/atmosphere,11.0,0,3567
DropDownMenu,https://github.com/dongjunkun/DropDownMenu,6.0,2,3566
android-stackblur,https://github.com/kikoso/android-stackblur,8.0,0,3561
retrolambda,https://github.com/luontola/retrolambda,8.0,0,3549
RecyclerViewPager,https://github.com/lsjwzh/RecyclerViewPager,7.0,10,3547
--,https://github.com/981011512/--,1.0,0,3544
sofa-rpc,https://github.com/sofastack/sofa-rpc,4.0,44,3539
blurkit-android,https://github.com/CameraKit/blurkit-android,5.0,3,3538
opengrok,https://github.com/oracle/opengrok,9.0,197,3538
floatingsearchview,https://github.com/arimorty/floatingsearchview,6.0,0,3535
ChatKit,https://github.com/stfalcon-studio/ChatKit,5.0,1,3530
SwipeMenuListView,https://github.com/baoyongzhang/SwipeMenuListView,7.0,2,3529
dubbo-admin,https://github.com/apache/dubbo-admin,4.0,4,3530
concurrent,https://github.com/RedSpider1/concurrent,3.0,0,3537
JustTrustMe,https://github.com/Fuzion24/JustTrustMe,7.0,1,3523
XposedInstaller,https://github.com/rovo89/XposedInstaller,10.0,0,3514
armeria,https://github.com/line/armeria,6.0,199,3508
ThreeTenABP,https://github.com/JakeWharton/ThreeTenABP,6.0,0,3498
andOTP,https://github.com/andOTP/andOTP,4.0,38,3505
DataMiningAlgorithm,https://github.com/linyiqun/DataMiningAlgorithm,7.0,0,3501
kafdrop,https://github.com/obsidiandynamics/kafdrop,2.0,43,3503
GeekNews,https://github.com/codeestX/GeekNews,5.0,0,3492
mpush,https://github.com/mpusher/mpush,6.0,9,3491
CustomActivityOnCrash,https://github.com/Ereza/CustomActivityOnCrash,7.0,11,3491
FlexibleAdapter,https://github.com/davideas/FlexibleAdapter,7.0,30,3490
traccar,https://github.com/traccar/traccar,10.0,35,3482
rejoiner,https://github.com/google/rejoiner,4.0,3,3489
xboot,https://github.com/Exrick/xboot,3.0,6,3481
dragonwell8,https://github.com/alibaba/dragonwell8,3.0,16,3484
SeeWeather,https://github.com/xcc3641/SeeWeather,6.0,2,3474
hackpad,https://github.com/dropbox/hackpad,6.0,0,3470
MagicaSakura,https://github.com/bilibili/MagicaSakura,5.0,3,3472
openhab1-addons,https://github.com/openhab/openhab1-addons,8.0,14,3469
javassist,https://github.com/jboss-javassist/javassist,8.0,18,3468
Music-Player,https://github.com/andremion/Music-Player,5.0,2,3464
picocli,https://github.com/remkop/picocli,5.0,78,3452
microservices-platform,https://github.com/zlt2000/microservices-platform,3.0,25,3446
spring-cloud-gateway,https://github.com/spring-cloud/spring-cloud-gateway,5.0,0,3443
usb-serial-for-android,https://github.com/mik3y/usb-serial-for-android,8.0,21,3444
giffun,https://github.com/guolindev/giffun,3.0,0,3442
XChange,https://github.com/knowm/XChange,10.0,0,3439
android-butterknife-zelezny,https://github.com/avast/android-butterknife-zelezny,8.0,8,3421
Skeleton,https://github.com/ethanhua/Skeleton,4.0,0,3418
android-priority-jobqueue,https://github.com/yigit/android-priority-jobqueue,7.0,0,3411
PowerJob,https://github.com/PowerJob/PowerJob,2.0,32,3412
SwipeDelMenuLayout,https://github.com/mcxtzhang/SwipeDelMenuLayout,5.0,2,3408
java-faker,https://github.com/DiUS/java-faker,10.0,0,3401
AppUpdate,https://github.com/WVector/AppUpdate,4.0,3,3398
TinyPinyin,https://github.com/promeG/TinyPinyin,6.0,2,3398
spring-authorization-server,https://github.com/spring-projects/spring-authorization-server,2.0,10,3407
light-4j,https://github.com/networknt/light-4j,5.0,145,3393
Guns,https://github.com/stylefeng/Guns,4.0,0,3392
SSM,https://github.com/crossoverJie/SSM,5.0,10,3391
databus,https://github.com/linkedin/databus,9.0,0,3385
groupie,https://github.com/lisawray/groupie,5.0,27,3379
interviewGuide,https://github.com/NotFound9/interviewGuide,6.0,0,3380
archi,https://github.com/ivacf/archi,6.0,0,3368
sodium-fabric,https://github.com/CaffeineMC/sodium-fabric,2.0,11,3366
Play-with-Algorithms,https://github.com/liuyubobobo/Play-with-Algorithms,5.0,0,3363
Android-Week-View,https://github.com/alamkanak/Android-Week-View,7.0,4,3363
android-maps-utils,https://github.com/googlemaps/android-maps-utils,9.0,24,3358
netty-learning,https://github.com/code4craft/netty-learning,8.0,0,3356
data-transfer-project,https://github.com/google/data-transfer-project,4.0,43,3333
bistoury,https://github.com/qunarcorp/bistoury,2.0,8,3332
jetty.project,https://github.com/eclipse/jetty.project,10.0,38,3326
micrometer,https://github.com/micrometer-metrics/micrometer,5.0,141,3327
crate,https://github.com/crate/crate,9.0,39,3322
LiveEventBus,https://github.com/JeremyLiao/LiveEventBus,3.0,0,3324
AlgoDS,https://github.com/sherxon/AlgoDS,5.0,0,3321
DSBridge-Android,https://github.com/wendux/DSBridge-Android,5.0,2,3319
MyBatis-Spring-Boot,https://github.com/abel533/MyBatis-Spring-Boot,6.0,0,3317
actor-platform,https://github.com/actorapp/actor-platform,6.0,97,3316
99-problems,https://github.com/shekhargulati/99-problems,6.0,0,3312
Terasology,https://github.com/MovingBlocks/Terasology,11.0,66,3309
jetcache,https://github.com/alibaba/jetcache,5.0,49,3305
dynamic-datasource-spring-boot-starter,https://github.com/baomidou/dynamic-datasource-spring-boot-starter,3.0,8,3298
LQRWeChat,https://github.com/GitLqr/LQRWeChat,5.0,0,3294
flink-recommandSystem-demo,https://github.com/CheckChe0803/flink-recommandSystem-demo,2.0,0,3296
DDComponentForAndroid,https://github.com/luojilab/DDComponentForAndroid,4.0,4,3291
ScalingLayout,https://github.com/iammert/ScalingLayout,4.0,4,3291
PreviewSeekBar,https://github.com/rubensousa/PreviewSeekBar,5.0,7,3286
BackgroundLibrary,https://github.com/JavaNoober/BackgroundLibrary,3.0,11,3290
BottomNavigationViewEx,https://github.com/ittianyu/BottomNavigationViewEx,5.0,19,3280
kylin,https://github.com/apache/kylin,7.0,0,3272
Android,https://github.com/hmkcode/Android,8.0,0,3271
http-request,https://github.com/kevinsawicki/http-request,10.0,0,3259
vertx-examples,https://github.com/vert-x3/vertx-examples,7.0,0,3250
QLExpress,https://github.com/alibaba/QLExpress,5.0,0,3247
incubator-seatunnel,https://github.com/apache/incubator-seatunnel,4.0,34,3245
Android-Tips,https://github.com/tangqi92/Android-Tips,6.0,0,3237
AutoDispose,https://github.com/uber/AutoDispose,5.0,2,3235
LoganSquare,https://github.com/bluelinelabs/LoganSquare,7.0,0,3235
android-saripaar,https://github.com/ragunathjawahar/android-saripaar,9.0,3,3228
hope-boot,https://github.com/java-aodeng/hope-boot,3.0,2,3227
h2database,https://github.com/h2database/h2database,7.0,16,3231
Leetcode,https://github.com/fishercoder1534/Leetcode,5.0,0,3224
XXPermissions,https://github.com/getActivity/XXPermissions,3.0,46,3232
LeafPic,https://github.com/UnevenSoftware/LeafPic,6.0,7,3219
drag-sort-listview,https://github.com/bauerca/drag-sort-listview,9.0,0,3218
maxwell,https://github.com/zendesk/maxwell,7.0,187,3216
effective-java-3e-source-code,https://github.com/jbloch/effective-java-3e-source-code,3.0,0,3219
boxing,https://github.com/bilibili/boxing,5.0,1,3203
libstreaming,https://github.com/fyhertz/libstreaming,9.0,0,3203
AndroidViewHover,https://github.com/daimajia/AndroidViewHover,7.0,4,3193
ActionBar-PullToRefresh,https://github.com/chrisbanes/ActionBar-PullToRefresh,8.0,0,3192
SuperTextView,https://github.com/chenBingX/SuperTextView,5.0,33,3187
afinal,https://github.com/yangfuhai/afinal,9.0,0,3185
GalleryFinal,https://github.com/pengjianbo/GalleryFinal,6.0,4,3176
jacoco,https://github.com/jacoco/jacoco,9.0,43,3180
volley,https://github.com/google/volley,5.0,9,3173
GsonFormat,https://github.com/zzz40500/GsonFormat,7.0,4,3168
ChipsLayoutManager,https://github.com/BelooS/ChipsLayoutManager,5.0,11,3165
LoadSir,https://github.com/KingJA/LoadSir,4.0,6,3167
jvm-serializers,https://github.com/eishay/jvm-serializers,12.0,0,3161
network-connection-class,https://github.com/facebookarchive/network-connection-class,7.0,2,3158
SmsForwarder,https://github.com/pppscn/SmsForwarder,1.0,18,3169
NewbieGuide,https://github.com/huburt-Hu/NewbieGuide,4.0,20,3156
TextDrawable,https://github.com/amulyakhare/TextDrawable,7.0,0,3152
UETool,https://github.com/eleme/UETool,3.0,9,3152
jfinal,https://github.com/jfinal/jfinal,10.0,0,3147
cobar,https://github.com/alibaba/cobar,8.0,1,3142
animate,https://github.com/hitherejoe/animate,6.0,0,3141
spock,https://github.com/spockframework/spock,11.0,16,3138
AndEngine,https://github.com/nicolasgramlich/AndEngine,10.0,0,3126
native-navigation,https://github.com/airbnb/native-navigation,5.0,0,3125
android-hidden-api,https://github.com/anggrayudi/android-hidden-api,6.0,1,3126
StickerCamera,https://github.com/Skykai521/StickerCamera,6.0,0,3124
ffmpeg-android-java,https://github.com/WritingMinds/ffmpeg-android-java,7.0,8,3124
pig,https://github.com/pig-mesh/pig,2.0,17,3133
Geyser,https://github.com/GeyserMC/Geyser,2.0,0,3110
VideoPlayerManager,https://github.com/danylovolokh/VideoPlayerManager,6.0,0,3107
undertow,https://github.com/undertow-io/undertow,9.0,0,3103
android-adDialog,https://github.com/yipianfengye/android-adDialog,5.0,0,3101
Linkage-RecyclerView,https://github.com/KunMinX/Linkage-RecyclerView,2.0,0,3098
Aegis,https://github.com/beemdevelopment/Aegis,5.0,45,3094
Highlight,https://github.com/hongyangAndroid/Highlight,6.0,0,3094
NullAway,https://github.com/uber/NullAway,4.0,0,3089
liquibase,https://github.com/liquibase/liquibase,10.0,68,3092
requery,https://github.com/requery/requery,6.0,43,3089
citypicker,https://github.com/crazyandcoder/citypicker,5.0,4,3090
BubbleSeekBar,https://github.com/woxingxiao/BubbleSeekBar,5.0,12,3084
immutables,https://github.com/immutables/immutables,8.0,6,3081
jpexs-decompiler,https://github.com/jindrapetrik/jpexs-decompiler,8.0,120,3079
librec,https://github.com/guoguibing/librec,8.0,3,3078
RxAndroidBle,https://github.com/dariuszseweryn/RxAndroidBle,6.0,47,3077
RecyclerViewItemAnimators,https://github.com/gabrielemariotti/RecyclerViewItemAnimators,7.0,0,3072
jvm-tools,https://github.com/aragozin/jvm-tools,10.0,0,3074
nifi,https://github.com/apache/nifi,7.0,0,3069
MusicBot,https://github.com/jagrosh/MusicBot,5.0,31,3074
oshi,https://github.com/oshi/oshi,10.0,130,3070
JavaEETest,https://github.com/lenve/JavaEETest,5.0,0,3067
OsmAnd,https://github.com/osmandapp/OsmAnd,11.0,1,3066
keepass2android,https://github.com/PhilippC/keepass2android,4.0,19,3063
igniter,https://github.com/trojan-gfw/igniter,3.0,33,3062
strimzi-kafka-operator,https://github.com/strimzi/strimzi-kafka-operator,5.0,95,3057
red5-server,https://github.com/Red5/red5-server,8.0,49,3056
Alink,https://github.com/alibaba/Alink,3.0,13,3052
Cockroach,https://github.com/android-notes/Cockroach,5.0,1,3049
Crouton,https://github.com/keyboardsurfer/Crouton,9.0,8,3045
yanxuan-weex-demo,https://github.com/zwwill/yanxuan-weex-demo,4.0,0,3043
JimuReport,https://github.com/jeecgboot/JimuReport,2.0,2,3049
sofa-jarslink,https://github.com/sofastack/sofa-jarslink,4.0,2,3042
react-native-share,https://github.com/react-native-share/react-native-share,6.0,75,3038
maven,https://github.com/apache/maven,13.0,2,3042
android-viewbadger,https://github.com/jgilfelt/android-viewbadger,10.0,0,3034
typedb,https://github.com/vaticle/typedb,5.0,82,3035
jackson-databind,https://github.com/FasterXML/jackson-databind,10.0,0,3033
IDDD_Samples,https://github.com/VaughnVernon/IDDD_Samples,9.0,0,3033
RxEasyHttp,https://github.com/zhou-you/RxEasyHttp,4.0,0,3021
ViewpagerTransition,https://github.com/xmuSistone/ViewpagerTransition,5.0,1,3020
AndServer,https://github.com/yanzhenjie/AndServer,5.0,0,3024
MarsDaemon,https://github.com/Marswin/MarsDaemon,6.0,0,3019
Android-BluetoothKit,https://github.com/dingjikerbo/Android-BluetoothKit,6.0,0,3017
Java8InAction,https://github.com/java8/Java8InAction,8.0,0,3016
android-process-button,https://github.com/dmytrodanylyk/android-process-button,8.0,1,3009
ballerina-lang,https://github.com/ballerina-platform/ballerina-lang,5.0,119,3010
DraggablePanel,https://github.com/pedrovgs/DraggablePanel,8.0,10,3007
react-native-fbsdk,https://github.com/facebookarchive/react-native-fbsdk,6.0,22,3004
CityPicker,https://github.com/zaaach/CityPicker,6.0,2,3006
ShapeOfView,https://github.com/florent37/ShapeOfView,4.0,0,3007
pixel-dungeon,https://github.com/watabou/pixel-dungeon,7.0,0,3004
spring-cloud-kubernetes,https://github.com/spring-cloud/spring-cloud-kubernetes,5.0,0,3004
calcite,https://github.com/apache/calcite,7.0,0,2995
java-tron,https://github.com/tronprotocol/java-tron,4.0,64,2995
MultiImageSelector,https://github.com/lovetuzitong/MultiImageSelector,7.0,2,2993
PRDownloader,https://github.com/MindorksOpenSource/PRDownloader,4.0,5,2990
hudi,https://github.com/apache/hudi,5.0,15,2986
lombok-intellij-plugin,https://github.com/mplushnikov/lombok-intellij-plugin,8.0,116,2986
robospice,https://github.com/stephanenicolas/robospice,9.0,1,2984
LikeButton,https://github.com/jd-alexander/LikeButton,6.0,14,2980
yuicompressor,https://github.com/yui/yuicompressor,13.0,1,2975
Carbon,https://github.com/ZieIony/Carbon,7.0,2,2973
Nuwa,https://github.com/jasonross/Nuwa,6.0,0,2968
TableView,https://github.com/evrencoskun/TableView,4.0,12,2965
aviatorscript,https://github.com/killme2008/aviatorscript,11.0,46,2965
SlidingRootNav,https://github.com/yarolegovich/SlidingRootNav,5.0,1,2961
flutter-webrtc,https://github.com/flutter-webrtc/flutter-webrtc,4.0,34,2953
jmonkeyengine,https://github.com/jMonkeyEngine/jmonkeyengine,8.0,47,2950
dexcount-gradle-plugin,https://github.com/KeepSafe/dexcount-gradle-plugin,6.0,20,2947
awaitility,https://github.com/awaitility/awaitility,12.0,0,2934
DeepLearning,https://github.com/yusugomori/DeepLearning,9.0,0,2931
leetcode,https://github.com/gouthampradhan/leetcode,5.0,0,2929
android-mvp-mvvm-flytour,https://github.com/mxdldev/android-mvp-mvvm-flytour,3.0,11,2926
AndroidChromium,https://github.com/JackyAndroid/AndroidChromium,5.0,2,2923
light-task-scheduler,https://github.com/ltsopensource/light-task-scheduler,7.0,29,2920
booksource,https://github.com/guolindev/booksource,5.0,0,2918
cropper,https://github.com/edmodo/cropper,8.0,0,2915
DesignPattern,https://github.com/youlookwhat/DesignPattern,5.0,0,2923
android-vision,https://github.com/googlesamples/android-vision,6.0,0,2907
Sunshine-Version-2,https://github.com/udacity/Sunshine-Version-2,7.0,0,2907
TelegramBots,https://github.com/rubenlagus/TelegramBots,6.0,72,2907
JCTools,https://github.com/JCTools/JCTools,8.0,15,2902
FadingActionBar,https://github.com/ManuelPeinado/FadingActionBar,8.0,0,2897
jersey,https://github.com/javaee/jersey,10.0,30,2897
WebCollector,https://github.com/CrawlScript/WebCollector,7.0,0,2896
migration,https://github.com/phodal/migration,2.0,0,2898
android-pathview,https://github.com/geftimov/android-pathview,7.0,2,2894
ripme,https://github.com/RipMeApp/ripme,5.0,126,2895
chunjun,https://github.com/DTStack/chunjun,4.0,24,2886
CountdownView,https://github.com/iwgang/CountdownView,6.0,3,2879
jwt-spring-security-demo,https://github.com/szerhusenBC/jwt-spring-security-demo,6.0,3,2875
FairEmail,https://github.com/M66B/FairEmail,3.0,1805,2874
AndroidTreeView,https://github.com/bmelnychuk/AndroidTreeView,7.0,0,2875
FlyRefresh,https://github.com/race604/FlyRefresh,6.0,2,2872
anthelion,https://github.com/YahooArchive/anthelion,6.0,0,2868
JDA,https://github.com/DV8FromTheWorld/JDA,6.0,51,2870
tablesaw,https://github.com/jtablesaw/tablesaw,6.0,78,2859
Android-Material-Examples,https://github.com/saulmm/Android-Material-Examples,7.0,0,2859
RxJava2Examples,https://github.com/nanchen2251/RxJava2Examples,4.0,0,2854
Packages,https://github.com/sublimehq/Packages,6.0,0,2853
brigadier,https://github.com/Mojang/brigadier,7.0,3,2852
android-flip,https://github.com/openaphid/android-flip,10.0,0,2852
openj9,https://github.com/eclipse-openj9/openj9,4.0,30,2852
AarogyaSetu_Android,https://github.com/nic-delhi/AarogyaSetu_Android,1.0,0,2850
AndroidResideMenu,https://github.com/SpecialCyCi/AndroidResideMenu,8.0,7,2846
PhotoPicker,https://github.com/donglua/PhotoPicker,6.0,13,2842
FastDev4Android,https://github.com/jiangqqlmj/FastDev4Android,6.0,4,2842
wgcloud,https://github.com/tianshiyeben/wgcloud,3.0,9,2841
XhsEmoticonsKeyboard,https://github.com/w446108264/XhsEmoticonsKeyboard,7.0,7,2838
CommonDevKnowledge,https://github.com/AweiLoveAndroid/CommonDevKnowledge,4.0,0,2837
MifareClassicTool,https://github.com/ikarus23/MifareClassicTool,9.0,2,2832
library,https://github.com/ddd-by-examples/library,3.0,0,2833
elasticsearch-jdbc,https://github.com/jprante/elasticsearch-jdbc,9.0,19,2830
PlayerBase,https://github.com/jiajunhui/PlayerBase,5.0,18,2829
blueocean-plugin,https://github.com/jenkinsci/blueocean-plugin,6.0,31,2822
android,https://github.com/cSploit/android,7.0,33,2823
android-percent-support-lib-sample,https://github.com/JulienGenoud/android-percent-support-lib-sample,6.0,2,2820
StickyHeaderListView,https://github.com/sunfusheng/StickyHeaderListView,6.0,0,2817
android,https://github.com/nextcloud/android,5.0,183,2814
ActivityRouter,https://github.com/mzule/ActivityRouter,6.0,3,2813
RxGalleryFinal,https://github.com/FinalTeam/RxGalleryFinal,6.0,1,2812
AndroidTVLauncher,https://github.com/JackyAndroid/AndroidTVLauncher,6.0,3,2806
google-services,https://github.com/googlesamples/google-services,6.0,0,2800
flow,https://github.com/square/flow,8.0,0,2799
RealtimeBlurView,https://github.com/mmin18/RealtimeBlurView,5.0,0,2799
android-pdfview,https://github.com/JoanZapata/android-pdfview,9.0,0,2797
initializr,https://github.com/spring-io/initializr,8.0,12,2795
binnavi,https://github.com/google/binnavi,6.0,3,2794
fiction_house,https://github.com/201206030/fiction_house,2.0,5,2796
Bastillion,https://github.com/bastillion-io/Bastillion,9.0,17,2790
bitcoin-wallet,https://github.com/bitcoin-wallet/bitcoin-wallet,10.0,18,2794
ice,https://github.com/Teevity/ice,8.0,3,2790
ExpectAnim,https://github.com/florent37/ExpectAnim,5.0,1,2787
android-Camera2Basic,https://github.com/googlearchive/android-Camera2Basic,7.0,0,2781
Android-Skin-Loader,https://github.com/fengjundev/Android-Skin-Loader,6.0,0,2774
MSEC,https://github.com/Tencent/MSEC,5.0,0,2772
scalpel,https://github.com/JakeWharton/scalpel,8.0,0,2771
robotium,https://github.com/RobotiumTech/robotium,12.0,0,2770
PagerBottomTabStrip,https://github.com/tyzlmjj/PagerBottomTabStrip,6.0,12,2770
AdapterDelegates,https://github.com/sockeqwe/AdapterDelegates,6.0,18,2771
ByteTCC,https://github.com/liuyangming/ByteTCC,6.0,17,2770
airpal,https://github.com/airbnb/airpal,8.0,0,2761
sofa-jraft,https://github.com/sofastack/sofa-jraft,3.0,22,2761
logging-log4j2,https://github.com/apache/logging-log4j2,8.0,0,2754
BlurView,https://github.com/Dimezis/BlurView,6.0,22,2759
WoWoViewPager,https://github.com/Nightonke/WoWoViewPager,6.0,0,2754
android-mvvm-architecture,https://github.com/MindorksOpenSource/android-mvvm-architecture,4.0,0,2755
IntelliJ-Key-Promoter-X,https://github.com/halirutan/IntelliJ-Key-Promoter-X,4.0,19,2749
CoCoin,https://github.com/Nightonke/CoCoin,6.0,0,2747
MusicDNA,https://github.com/harjot-oberai/MusicDNA,6.0,2,2745
GuillotineMenu-Android,https://github.com/Yalantis/GuillotineMenu-Android,6.0,2,2739
T-MVP,https://github.com/north2016/T-MVP,5.0,0,2739
CommonUtilLibrary,https://github.com/AbrahamCaiJin/CommonUtilLibrary,4.0,0,2738
AndroidProcess,https://github.com/wenmingvs/AndroidProcess,6.0,0,2738
SuperCalendar,https://github.com/MagicMashRoom/SuperCalendar,4.0,13,2737
allure2,https://github.com/allure-framework/allure2,5.0,50,2733
material-intro-screen,https://github.com/TangoAgency/material-intro-screen,5.0,4,2733
CircularFloatingActionMenu,https://github.com/oguzbilgener/CircularFloatingActionMenu,7.0,0,2729
Algorithms,https://github.com/pedrovgs/Algorithms,7.0,0,2726
springmvc-mybatis-learning,https://github.com/brianway/springmvc-mybatis-learning,6.0,0,2724
