name,repo_clone_url,age,releases_number,size,CBO,DIT,LCOM,stargazers
java-design-patterns,https://github.com/iluwatar/java-design-patterns,7.0,0,32454,3.0,6,0.0
LeetCodeAnimation,https://github.com/MisterBooo/LeetCodeAnimation,3.0,0,78,1.0,1,0.0
spring-boot,https://github.com/spring-projects/spring-boot,9.0,125,296550,4.0,13,0.0
elasticsearch,https://github.com/elastic/elasticsearch,12.0,78,1784326,5.0,176,1.0
mall,https://github.com/macrozheng/mall,4.0,1,100567,3.0,4,13.0
interviews,https://github.com/kdn251/interviews,5.0,0,5621,1.0,2,0.0
spring-framework,https://github.com/spring-projects/spring-framework,11.0,224,612460,3.0,60,0.0
RxJava,https://github.com/ReactiveX/RxJava,9.0,227,368545,1.0,26,0.0
GitHub-Chinese-Top-Charts,https://github.com/GrowingGit/GitHub-Chinese-Top-Charts,2.0,0,5,0.0,1,0.0
Java,https://github.com/TheAlgorithms/Java,5.0,0,21093,2.0,3,1.0
guava,https://github.com/google/guava,7.0,35,261185,2.0,99,0.0
retrofit,https://github.com/square/retrofit,11.0,0,26613,3.0,16,0.0
dubbo,https://github.com/apache/dubbo,9.0,46,168282,4.0,8,0.0
MPAndroidChart,https://github.com/PhilJay/MPAndroidChart,8.0,44,21111,5.0,6,1.0
lottie-android,https://github.com/airbnb/lottie-android,5.0,41,15358,5.0,6,1.0
glide,https://github.com/bumptech/glide,8.0,38,56782,4.0,20,0.0
ghidra,https://github.com/NationalSecurityAgency/ghidra,3.0,19,1597118,4.0,60,1.0
AndroidUtilCode,https://github.com/Blankj/AndroidUtilCode,5.0,116,39805,2.0,10,0.0
hello-algorithm,https://github.com/geekxh/hello-algorithm,1.0,0,61,1.0,1,0.0
tutorials,https://github.com/eugenp/tutorials,9.0,0,347149,3.0,11,0.0
jadx,https://github.com/skylot/jadx,9.0,19,97140,3.0,21,0.0
zxing,https://github.com/zxing/zxing,10.0,27,39377,4.0,6,1.0
netty,https://github.com/netty/netty,11.0,0,304286,2.0,26,0.0
arthas,https://github.com/alibaba/arthas,3.0,39,39661,3.0,14,1.0
jeecg-boot,https://github.com/jeecgboot/jeecg-boot,3.0,18,30783,4.0,4,0.0
spring-boot-examples,https://github.com/ityouknow/spring-boot-examples,5.0,0,3141,4.0,2,0.0
JCSprout,https://github.com/crossoverJie/JCSprout,4.0,0,4399,1.0,4,0.0
apollo,https://github.com/apolloconfig/apollo,6.0,34,44488,4.0,13,0.0
butterknife,https://github.com/JakeWharton/butterknife,9.0,0,7712,2.0,6,0.0
proxyee-down,https://github.com/proxyee-down-org/proxyee-down,4.0,49,3392,4.0,5,2.0
druid,https://github.com/alibaba/druid,10.0,43,308955,4.0,23,0.0
dbeaver,https://github.com/dbeaver/dbeaver,6.0,148,389540,5.0,25,1.0
spring-boot-demo,https://github.com/xkcoding/spring-boot-demo,4.0,0,7163,4.0,5,0.0
fastjson,https://github.com/alibaba/fastjson,10.0,83,205634,1.0,15,0.0
miaosha,https://github.com/qiurunze123/miaosha,3.0,0,8618,3.0,4,0.0
EventBus,https://github.com/greenrobot/EventBus,9.0,7,5269,3.0,12,0.0
vhr,https://github.com/lenve/vhr,4.0,0,2971,2.0,2,6.0
SmartRefreshLayout,https://github.com/scwang90/SmartRefreshLayout,4.0,10,18969,4.0,6,0.0
selenium,https://github.com/SeleniumHQ/selenium,9.0,73,90647,4.0,28,0.0
SpringAll,https://github.com/wuyouzhuguli/SpringAll,3.0,0,6076,4.0,4,0.0
easyexcel,https://github.com/alibaba/easyexcel,4.0,1,18609,5.0,8,1.0
BaseRecyclerViewAdapterHelper,https://github.com/CymChad/BaseRecyclerViewAdapterHelper,6.0,192,3931,3.0,7,0.0
Hystrix,https://github.com/Netflix/Hystrix,9.0,79,62010,1.0,77,0.0
canal,https://github.com/alibaba/canal,9.0,22,109165,3.0,13,1.0
hutool,https://github.com/dromara/hutool,8.0,110,104547,3.0,11,1.0
Signal-Android,https://github.com/signalapp/Signal-Android,10.0,0,229666,4.0,33,1.0
seata,https://github.com/seata/seata,3.0,31,175111,5.0,911,3.0
nacos,https://github.com/alibaba/nacos,3.0,43,105990,3.0,24,0.0
spring-cloud-alibaba,https://github.com/alibaba/spring-cloud-alibaba,4.0,27,14226,5.0,4,0.0
halo,https://github.com/halo-dev/halo,4.0,82,21564,5.0,6,0.0
kafka,https://github.com/apache/kafka,10.0,0,380082,4.0,16,0.0
xxl-job,https://github.com/xuxueli/xxl-job,6.0,30,8609,3.0,4,0.0
gson,https://github.com/google/gson,7.0,3,29212,2.0,8,0.0
libgdx,https://github.com/libgdx/libgdx,9.0,8,275384,3.0,48,0.0
RxAndroid,https://github.com/ReactiveX/RxAndroid,7.0,18,1433,1.0,3,0.0
Telegram,https://github.com/DrKLO/Telegram,8.0,73,937074,3.0,1342,0.0
ExoPlayer,https://github.com/google/ExoPlayer,7.0,18,213303,5.0,31,0.0
skywalking,https://github.com/apache/skywalking,6.0,50,60836,4.0,5,0.0
Sentinel,https://github.com/alibaba/Sentinel,4.0,19,51276,3.0,18,0.0
jenkins,https://github.com/jenkinsci/jenkins,11.0,163,171689,4.0,57,0.0
redisson,https://github.com/redisson/redisson,8.0,105,127282,3.0,7,0.0
DoraemonKit,https://github.com/didi/DoraemonKit,3.0,7,78171,2.0,18,0.0
flink,https://github.com/apache/flink,7.0,0,1093490,4.0,61,0.0
bazel,https://github.com/bazelbuild/bazel,7.0,143,587985,5.0,38,1.0
PhotoView,https://github.com/Baseflow/PhotoView,9.0,5,1792,3.0,3,0.0
NewPipe,https://github.com/TeamNewPipe/NewPipe,6.0,116,37015,5.0,10,1.0
eladmin,https://github.com/elunez/eladmin,3.0,0,7924,4.0,4,0.0
GSYVideoPlayer,https://github.com/CarGuo/GSYVideoPlayer,5.0,32,28447,2.0,10,0.0
litemall,https://github.com/linlinjava/litemall,4.0,8,90813,3.0,2,1.0
mybatis-3,https://github.com/mybatis/mybatis-3,9.0,36,53084,2.0,7,0.0
FizzBuzzEnterpriseEdition,https://github.com/EnterpriseQualityCoding/FizzBuzzEnterpriseEdition,9.0,0,894,2.0,1,0.0
Android-Universal-Image-Loader,https://github.com/nostra13/Android-Universal-Image-Loader,10.0,0,7434,3.0,6,0.5
rocketmq,https://github.com/apache/rocketmq,5.0,6,96692,3.0,19,1.0
fresco,https://github.com/facebook/fresco,7.0,45,75008,4.0,14,0.0
graal,https://github.com/oracle/graal,6.0,32,1249844,4.0,235,1.0
cat,https://github.com/dianping/cat,9.0,0,88970,4.0,10,1.0
HikariCP,https://github.com/brettwooldridge/HikariCP,8.0,0,10542,3.0,5,0.0
SpringCloudLearning,https://github.com/forezp/SpringCloudLearning,5.0,0,1135,4.0,2,0.0
tinker,https://github.com/Tencent/tinker,5.0,44,38753,3.0,53,0.0
zheng,https://github.com/shuzheng/zheng,5.0,0,41742,3.0,2,0.0
java8-tutorial,https://github.com/winterbe/java8-tutorial,8.0,0,2081,1.0,1,0.0
shardingsphere,https://github.com/apache/shardingsphere,6.0,46,152540,4.0,7,0.0
zipkin,https://github.com/openzipkin/zipkin,9.0,67,37251,5.0,23,1.0
Android-CleanArchitecture,https://github.com/android10/Android-CleanArchitecture,7.0,0,2260,4.0,3,1.0
lottie-react-native,https://github.com/lottie-react-native/lottie-react-native,5.0,9,550,2.0,2,0.0
springboot-learning-example,https://github.com/JeffLi1993/springboot-learning-example,5.0,0,1641,3.5,3,0.0
disruptor,https://github.com/LMAX-Exchange/disruptor,9.0,13,13018,3.0,8,0.0
Mindustry,https://github.com/Anuken/Mindustry,4.0,134,104445,2.0,30,0.0
SpringBoot-Learning,https://github.com/dyc87112/SpringBoot-Learning,5.0,0,2790,4.0,3,0.0
CircleImageView,https://github.com/hdodenhof/CircleImageView,8.0,0,360,5.0,3,0.0
ARouter,https://github.com/alibaba/ARouter,5.0,16,3165,2.0,4,0.0
Apktool,https://github.com/iBotPeaches/Apktool,10.0,15,11369,4.0,5,3.0
Material-Animations,https://github.com/lgvalle/Material-Animations,7.0,0,1010,2.0,3,0.0
QMUI_Android,https://github.com/Tencent/QMUI_Android,4.0,35,58243,2.0,16,0.0
material-components-android,https://github.com/material-components/material-components-android,5.0,49,79656,4.0,11,1.0
elasticsearch-analysis-ik,https://github.com/medcl/elasticsearch-analysis-ik,10.0,157,2051,4.5,2,1.0
SpringBoot-Labs,https://github.com/YunaiV/SpringBoot-Labs,3.0,0,17749,4.0,4,0.0
presto,https://github.com/prestodb/presto,9.0,0,618030,6.0,25,1.0
leetcode,https://github.com/doocs/leetcode,3.0,19,2735,2.0,2,0.0
logger,https://github.com/orhanobut/logger,7.0,16,827,6.0,2,0.0
JustAuth,https://github.com/justauth/JustAuth,3.0,45,5287,2.0,4,6.0
Android-PickerView,https://github.com/Bigkoo/Android-PickerView,7.0,0,4421,2.0,2,0.0
VirtualXposed,https://github.com/android-hacker/VirtualXposed,4.0,49,47554,2.0,303,0.0
APIJSON,https://github.com/Tencent/APIJSON,5.0,85,10379,3.0,3,6.0
Luban,https://github.com/Curzibn/Luban,5.0,6,1088,1.0,2,1.0
bytecode-viewer,https://github.com/Konloch/bytecode-viewer,7.0,57,18437,3.0,10,0.0
vert.x,https://github.com/eclipse-vertx/vert.x,10.0,0,133532,4.0,12,1.0
mockito,https://github.com/mockito/mockito,9.0,185,47750,2.0,19,0.0
Arduino,https://github.com/arduino/Arduino,11.0,37,25793,2.0,13,0.0
mybatis-plus,https://github.com/baomidou/mybatis-plus,5.0,22,18124,3.0,7,0.0
greenDAO,https://github.com/greenrobot/greenDAO,10.0,8,18545,4.0,8,1.0
stetho,https://github.com/facebook/stetho,7.0,13,19224,3.0,21,0.0
hadoop,https://github.com/apache/hadoop,7.0,0,1560056,4.0,77,0.0
deeplearning4j,https://github.com/eclipse/deeplearning4j,8.0,0,488295,7.0,1454,6.0
AndroidAutoSize,https://github.com/JessYanCoding/AndroidAutoSize,3.0,14,1720,4.0,2,1.0,12245
Matisse,https://github.com/zhihu/Matisse,5.0,15,3418,5.0,4,0.0,12228
AndroidSwipeLayout,https://github.com/daimajia/AndroidSwipeLayout,7.0,18,2770,2.0,3,0.0,12193
pinpoint,https://github.com/pinpoint-apm/pinpoint,7.0,50,330750,3.0,20,0.0,12090
AndroidViewAnimations,https://github.com/daimajia/AndroidViewAnimations,7.0,9,965,2.0,2,0.0,12061
flink-learning,https://github.com/zhisheng17/flink-learning,3.0,0,9404,3.0,4,0.0,11929
banner,https://github.com/youth5201314/banner,6.0,0,2713,5.0,4,1.0,11849
antlr4,https://github.com/antlr/antlr4,12.0,23,48131,2.0,330,0.0,11825
keycloak,https://github.com/keycloak/keycloak,8.0,19,467914,4.0,25,1.0,11814
zuul,https://github.com/Netflix/zuul,9.0,5,18179,4.0,10,1.0,11813
termux-app,https://github.com/termux/termux-app,6.0,89,21213,4.0,6,0.0,11809
openapi-generator,https://github.com/OpenAPITools/openapi-generator,3.0,45,163897,4.0,13,0.0,11651
jib,https://github.com/GoogleContainerTools/jib,4.0,134,34252,4.0,5,0.0,11637
druid,https://github.com/apache/druid,9.0,48,492108,5.0,164,0.0,11635
spring-analysis,https://github.com/seaswalker/spring-analysis,5.0,0,378,2.0,4,0.0,11533
VasSonic,https://github.com/Tencent/VasSonic,4.0,10,7421,2.0,4,0.0,11486
piggymetrics,https://github.com/sqshq/piggymetrics,7.0,2,1881,5.0,2,0.0,11443
BigData-Notes,https://github.com/heibaiying/BigData-Notes,3.0,0,2124,5.0,2,0.0,11441
caffeine,https://github.com/ben-manes/caffeine,7.0,59,68764,3.0,22,0.0,11341
PictureSelector,https://github.com/LuckSiege/PictureSelector,5.0,105,33031,2.5,9,0.0,11338
thingsboard,https://github.com/thingsboard/thingsboard,5.0,48,129490,4.0,9,0.0,11313
realm-java,https://github.com/realm/realm-java,10.0,0,109294,2.0,16,0.0,11267
Auto.js,https://github.com/hyb1996/Auto.js,5.0,0,48388,4.0,9,1.0,11219
SlidingMenu,https://github.com/jfeinstein10/SlidingMenu,9.0,0,3085,3.0,7,0.0,11172
androidannotations,https://github.com/androidannotations/androidannotations,10.0,0,28800,4.0,10,1.0,11168
eureka,https://github.com/Netflix/eureka,9.0,142,32742,4.0,9,0.0,11158
uCrop,https://github.com/Yalantis/uCrop,6.0,15,4643,3.0,7,1.0,11118
Mybatis-PageHelper,https://github.com/pagehelper/Mybatis-PageHelper,7.0,9,6836,6.0,5,0.0,11017
jd-gui,https://github.com/java-decompiler/jd-gui,7.0,18,19309,3.0,15,1.0,10994
PermissionsDispatcher,https://github.com/permissions-dispatcher/PermissionsDispatcher,6.0,40,3184,0.0,4,3.0,10908
guice,https://github.com/google/guice,7.0,15,78644,2.0,43,0.0,10855
vlayout,https://github.com/alibaba/vlayout,5.0,34,14042,3.0,7,0.0,10831
DataX,https://github.com/alibaba/DataX,4.0,0,52240,3.0,8,0.0,10809
spring-boot-admin,https://github.com/codecentric/spring-boot-admin,7.0,68,12497,6.0,5,0.0,10737
mall-learning,https://github.com/macrozheng/mall-learning,3.0,0,27550,3.0,4,1.0,10713
android-async-http,https://github.com/android-async-http/android-async-http,11.0,3,7620,4.0,5,3.0,10657
FlycoTabLayout,https://github.com/H07000223/FlycoTabLayout,6.0,4,2730,3.0,3,1.0,10569
pulsar,https://github.com/apache/pulsar,5.0,53,383437,4.0,141,0.0,10568
FileDownloader,https://github.com/lingochamp/FileDownloader,6.0,65,14387,2.0,28,1.0,10491
JiaoZiVideoPlayer,https://github.com/lipangit/JiaoZiVideoPlayer,6.0,78,4511,6.0,4,4.0,10418
okhttp-OkGo,https://github.com/jeasonlzy/okhttp-OkGo,6.0,14,13418,5.0,7,0.0,10411
jedis,https://github.com/redis/jedis,11.0,64,54007,3.0,7,1.0,10352
RxPermissions,https://github.com/tbruyelle/RxPermissions,6.0,11,876,2.0,2,0.0,10320
zookeeper,https://github.com/apache/zookeeper,13.0,0,114918,3.0,96,0.0,10313
webmagic,https://github.com/code4craft/webmagic,9.0,20,8567,4.0,9,1.0,10303
interview,https://github.com/mission-peace/interview,7.0,0,27259,2.0,4,1.0,10302
ViewPagerIndicator,https://github.com/JakeWharton/ViewPagerIndicator,10.0,0,2947,6.0,4,0.0,10216
ImmersionBar,https://github.com/gyf-dev/ImmersionBar,5.0,0,7237,5.0,4,3.0,10212
MVPArms,https://github.com/JessYanCoding/MVPArms,5.0,25,5986,5.0,3,3.0,10152
mit-deep-learning-book-pdf,https://github.com/janishar/mit-deep-learning-book-pdf,5.0,3,2,0.0,1,0.0,10113
SmarterStreaming,https://github.com/daniulive/SmarterStreaming,6.0,0,10750,2.0,2,0.0,9977
neo4j,https://github.com/neo4j/neo4j,9.0,72,535418,4.0,76,1.0,9859
CtCI-6th-Edition,https://github.com/careercup/CtCI-6th-Edition,6.0,0,21093,2.0,5,1.0,9741
Fragmentation,https://github.com/YoKeyword/Fragmentation,6.0,30,8981,3.0,5,0.0,9719
auto,https://github.com/google/auto,8.0,55,30082,3.0,80,1.0,9675
android-Ultra-Pull-To-Refresh,https://github.com/liaohuqiu/android-Ultra-Pull-To-Refresh,7.0,8,5476,2.0,5,0.0,9661
Java,https://github.com/DuGuQiuBai/Java,6.0,0,10825,0.0,6,0.0,9654
Android-ObservableScrollView,https://github.com/ksoichiro/Android-ObservableScrollView,7.0,0,12621,3.0,7,0.0,9626
AVLoadingIndicatorView,https://github.com/HarlonWang/AVLoadingIndicatorView,6.0,1,2161,2.0,4,0.0,9604
glide-transformations,https://github.com/wasabeef/glide-transformations,7.0,0,991,5.0,3,0.0,9598
quarkus,https://github.com/quarkusio/quarkus,3.0,166,524594,3.0,15,0.0,9596
dex2jar,https://github.com/pxb1988/dex2jar,7.0,6,41008,3.0,8,0.0,9578
grpc-java,https://github.com/grpc/grpc-java,7.0,109,203786,3.0,13,0.0,9549
javapoet,https://github.com/square/javapoet,9.0,0,7517,2.0,5,0.0,9483
PocketHub,https://github.com/pockethub/PocketHub,10.0,1,6980,5.0,4,0.0,9451
clojure,https://github.com/clojure/clojure,11.0,0,43900,0.0,48,0.0,9409
easypermissions,https://github.com/googlesamples/easypermissions,6.0,12,1705,8.0,3,6.0,9408
AndroidSlidingUpPanel,https://github.com/umano/AndroidSlidingUpPanel,8.0,8,2011,2.0,4,0.0,9400
zaproxy,https://github.com/zaproxy/zaproxy,6.0,257,175936,3.0,32,1.0,9373
jsoup,https://github.com/jhy/jsoup,12.0,5,28230,3.0,58,1.0,9371
cas,https://github.com/apereo/cas,10.0,213,185985,8.0,60,0.0,9329
paascloud-master,https://github.com/paascloud/paascloud-master,4.0,0,16464,4.0,5,0.0,9286
spark,https://github.com/perwendel/spark,11.0,0,9588,3.0,5,0.0,9281
Mycat-Server,https://github.com/MyCATApache/Mycat-Server,7.0,7,92843,3.0,12,0.0,9252
DanmakuFlameMaster,https://github.com/bilibili/DanmakuFlameMaster,8.0,5,12879,3.0,14,1.0,9250
MaterialDesignLibrary,https://github.com/navasmdc/MaterialDesignLibrary,7.0,3,2927,3.0,6,0.0,9089
MagicIndicator,https://github.com/hackware1993/MagicIndicator,5.0,12,4533,4.0,4,3.0,9079
android-gif-drawable,https://github.com/koral--/android-gif-drawable,9.0,56,2931,4.0,10,0.0,9054
spring-boot-api-project-seed,https://github.com/lihengming/spring-boot-api-project-seed,4.0,4,484,4.0,4,0.0,9036
storm,https://github.com/nathanmarz/storm,10.0,0,60552,3.0,20,1.0,8929
JsBridge,https://github.com/lzyzsd/JsBridge,7.0,0,920,1.5,2,0.5,8888
Java-WebSocket,https://github.com/TooTallNate/Java-WebSocket,12.0,13,14485,2.0,7,3.5,8877
Android-PullToRefresh,https://github.com/chrisbanes/Android-PullToRefresh,10.0,0,3567,4.5,7,1.0,8777
StatusBarUtil,https://github.com/laobie/StatusBarUtil,6.0,0,1036,3.0,3,0.0,8733
OpenRefine,https://github.com/OpenRefine/OpenRefine,9.0,32,62392,5.0,7,0.0,8710
newbee-mall,https://github.com/newbee-ltd/newbee-mall,2.0,0,3910,2.0,4,4.0,8676
VirtualAPK,https://github.com/didi/VirtualAPK,4.0,4,7981,3.0,17,1.0,8650
Calligraphy,https://github.com/chrisjenx/Calligraphy,8.0,4,968,5.0,3,3.0,8620
android-interview-questions,https://github.com/MindorksOpenSource/android-interview-questions,4.0,0,5,0.0,1,0.0,8611
VirtualApp,https://github.com/asLody/VirtualApp,5.0,0,46624,2.0,303,0.0,8584
AndroidNote,https://github.com/GcsSloop/AndroidNote,6.0,0,402,1.0,2,3.0,8569
Android_Data,https://github.com/Freelander/Android_Data,7.0,0,116,2.0,1,3.0,8477
Activiti,https://github.com/Activiti/Activiti,9.0,30,142597,4.0,8,1.0,8470
AgentWeb,https://github.com/Justson/AgentWeb,4.0,18,11356,3.0,9,0.0,8460
BottomBar,https://github.com/roughike/BottomBar,6.0,4,2834,2.0,4,0.0,8445
testing-samples,https://github.com/android/testing-samples,7.0,0,1862,7.0,3,0.0,8436
CoreNLP,https://github.com/stanfordnlp/CoreNLP,8.0,8,531663,3.0,103,0.0,8400
awesome-java-leetcode,https://github.com/Blankj/awesome-java-leetcode,5.0,0,1772,2.0,1,1.0,8354
android-gpuimage,https://github.com/cats-oss/android-gpuimage,9.0,0,6341,2.0,7,0.0,8336
Sa-Token,https://github.com/dromara/Sa-Token,2.0,23,12416,3.5,5,1.0,8315
mall-swarm,https://github.com/macrozheng/mall-swarm,2.0,1,100941,3.0,4,13.0,8304
cim,https://github.com/crossoverJie/cim,3.0,7,7280,3.0,7,0.0,8277
junit4,https://github.com/junit-team/junit4,13.0,13,32975,3.0,14,0.0,8271
questdb,https://github.com/questdb/questdb,8.0,45,240516,4.0,22,1.0,8244
jjwt,https://github.com/jwtk/jjwt,7.0,0,5204,3.0,8,1.0,8211
MaterialViewPager,https://github.com/florent37/MaterialViewPager,7.0,11,1616,3.0,3,0.0,8208
dropwizard,https://github.com/dropwizard/dropwizard,11.0,114,40205,4.0,13,0.0,8161
CalendarView,https://github.com/huanghaibin-dev/CalendarView,5.0,0,11557,4.0,5,3.0,8161
Android-SpinKit,https://github.com/ybq/Android-SpinKit,6.0,0,1812,5.0,9,1.0,8158
quickstart-android,https://github.com/firebase/quickstart-android,6.0,0,6477,3.0,3,0.0,8058
atlas,https://github.com/alibaba/atlas,5.0,7,157514,4.0,13,1.0,8053
Android-Debug-Database,https://github.com/amitshekhariitbhu/Android-Debug-Database,5.0,12,2393,4.0,3,0.0,7974
feign,https://github.com/OpenFeign/feign,8.0,22,27632,3.0,92,0.0,7931
AndResGuard,https://github.com/shwenzhang/AndResGuard,6.0,4,6506,2.0,4,1.5,7911
material-theme-jetbrains,https://github.com/ChrisRM/material-theme-jetbrains,6.0,17,14517,3.0,10,1.0,7902
HomeMirror,https://github.com/HannahMitt/HomeMirror,6.0,0,1719,2.0,2,0.0,7897
SimianArmy,https://github.com/Netflix/SimianArmy,9.0,4,16056,4.0,5,3.0,7868
epoxy,https://github.com/airbnb/epoxy,5.0,70,41206,5.0,18,1.0,7823
resilience4j,https://github.com/resilience4j/resilience4j,6.0,29,49501,5.0,15,1.0,7824
LitePal,https://github.com/guolindev/LitePal,9.0,0,11830,3.0,6,0.0,7811
hugo,https://github.com/JakeWharton/hugo,8.0,0,384,7.0,2,6.0,7786
hsweb-framework,https://github.com/hs-web/hsweb-framework,6.0,24,17688,4.0,7,0.0,7786
RxLifecycle,https://github.com/trello/RxLifecycle,6.0,22,2368,6.0,7,0.0,7693
dolphinscheduler,https://github.com/apache/dolphinscheduler,3.0,24,80400,4.0,7,1.0,7544
Signal-Server,https://github.com/signalapp/Signal-Server,8.0,0,33307,4.0,4,0.0,7534
react-native-image-picker,https://github.com/react-native-image-picker/react-native-image-picker,6.0,99,765,2.0,2,1.0,7526
RxJava-Android-Samples,https://github.com/kaushikgopal/RxJava-Android-Samples,7.0,0,2633,3.0,4,3.0,7526
metrics,https://github.com/dropwizard/metrics,12.0,86,25015,4.0,11,0.0,7512
UltimateAndroidReference,https://github.com/aritraroy/UltimateAndroidReference,5.0,0,22,1.0,1,0.0,7473
shardingsphere-elasticjob,https://github.com/apache/shardingsphere-elasticjob,6.0,27,21604,4.0,4,0.0,7460
tsunami-security-scanner,https://github.com/google/tsunami-security-scanner,1.0,9,6365,5.0,5,0.0,7435
litho,https://github.com/facebook/litho,5.0,48,132396,4.0,10,0.0,7361
Jetpack-MVVM-Best-Practice,https://github.com/KunMinX/Jetpack-MVVM-Best-Practice,2.0,0,4028,3.0,4,0.0,7350
hellocharts-android,https://github.com/lecho/hellocharts-android,7.0,14,10995,3.0,5,1.0,7288
agera,https://github.com/google/agera,6.0,16,10897,4.0,5,0.0,7283
dagger,https://github.com/square/dagger,9.0,0,8043,3.0,8,0.0,7275
Android-Bootstrap,https://github.com/Bearded-Hen/Android-Bootstrap,8.0,5,10389,3.0,4,2.0,7253
vjtools,https://github.com/vipshop/vjtools,3.0,9,18382,2.0,6,1.0,7248
UltimateRecyclerView,https://github.com/cymcsg/UltimateRecyclerView,7.0,9,16083,3.0,7,0.0,7244
sweet-alert-dialog,https://github.com/pedant/sweet-alert-dialog,7.0,2,943,1.5,2,0.0,7235
SpringCloud,https://github.com/zhoutaoo/SpringCloud,4.0,0,2899,5.0,5,0.0,7233
subsampling-scale-image-view,https://github.com/davemorrissey/subsampling-scale-image-view,8.0,21,4262,3.5,5,0.0,7220
AndroidAsync,https://github.com/koush/AndroidAsync,9.0,0,18082,2.0,29,0.0,7201
cassandra,https://github.com/apache/cassandra,13.0,0,448653,4.0,63,1.0,7194
MyBookshelf,https://github.com/gedoor/MyBookshelf,3.0,164,48092,3.0,5,1.0,7194
TakePhoto,https://github.com/crazycodeboy/TakePhoto,6.0,15,2403,2.0,3,1.0,7179
ActionBarSherlock,https://github.com/JakeWharton/ActionBarSherlock,11.0,32,26463,4.0,11,0.0,7155
ShortcutBadger,https://github.com/leolin310148/ShortcutBadger,8.0,0,885,5.0,3,1.0,7151
cryptomator,https://github.com/cryptomator/cryptomator,8.0,126,12936,7.0,5,1.0,7137
WeChatLuckyMoney,https://github.com/geeeeeeeeek/WeChatLuckyMoney,6.0,20,931,3.0,2,1.0,7136
capacitor,https://github.com/ionic-team/capacitor,4.0,75,5392,3.0,4,3.0,7117
AndroidPdfViewer,https://github.com/barteksc/AndroidPdfViewer,5.0,0,3328,1.0,4,0.0,7088
otter,https://github.com/alibaba/otter,8.0,10,68151,3.0,7,1.0,7081
jna,https://github.com/java-native-access/jna,11.0,0,104571,3.0,125,0.0,7050
onedev,https://github.com/theonedev/onedev,3.0,111,208535,4.0,8,0.0,7041
metersphere,https://github.com/metersphere/metersphere,2.0,136,204375,3.0,4,0.0,7023
COLA,https://github.com/alibaba/COLA,4.0,4,4752,3.0,5,0.0,6995
android-classyshark,https://github.com/google/android-classyshark,6.0,17,8714,2.0,7,1.0,6981
SmartTabLayout,https://github.com/ogaclejapan/SmartTabLayout,7.0,0,1912,4.0,5,1.0,6969
swagger-core,https://github.com/swagger-api/swagger-core,10.0,72,34036,3.0,9,0.0,6953
RePlugin,https://github.com/Qihoo360/RePlugin,4.0,17,29883,3.0,5,0.0,6933
algs4,https://github.com/kevin-wayne/algs4,6.0,0,21504,4.0,2,0.0,6927
MVVMHabit,https://github.com/goldze/MVVMHabit,4.0,3,9110,2.0,4,0.0,6910
SpringCloud-Learning,https://github.com/dyc87112/SpringCloud-Learning,5.0,0,12533,4.0,4,1.0,6904
EhViewer,https://github.com/seven332/EhViewer,7.0,97,44372,4.0,16,1.0,6900
okhttputils,https://github.com/hongyangAndroid/okhttputils,6.0,0,1961,2.5,4,0.0,6865
JsonPath,https://github.com/json-path/JsonPath,11.0,8,16482,3.0,13,0.0,6790
Mapper,https://github.com/abel533/Mapper,7.0,2,17449,4.0,4,0.0,6785
RIBs,https://github.com/uber/RIBs,4.0,4,3339,3.0,3,0.0,6784
kkFileView,https://github.com/kekingcn/kkFileView,4.0,10,10258,5.0,4,1.0,6775
DSA-Bootcamp-Java,https://github.com/kunal-kushwaha/DSA-Bootcamp-Java,0.0,0,4953,1.0,3,1.0,6741
DroidPlugin,https://github.com/DroidPluginTeam/DroidPlugin,6.0,2,22301,2.0,129,0.0,6707
AndroidAutoLayout,https://github.com/hongyangAndroid/AndroidAutoLayout,6.0,0,2370,5.0,4,8.0,6694
spring-security,https://github.com/spring-projects/spring-security,10.0,95,177789,5.0,41,0.0,6688
Timber,https://github.com/naman14/Timber,6.0,5,21819,3.0,8,0.0,6674
LeetCode,https://github.com/yuanguangxin/LeetCode,2.0,0,813,1.0,1,0.0,6647
sonarqube,https://github.com/SonarSource/sonarqube,11.0,25,373514,4.0,10,0.0,6645
elasticsearch-sql,https://github.com/NLPchina/elasticsearch-sql,7.0,189,18856,5.0,5,6.0,6645
xmall,https://github.com/Exrick/xmall,4.0,0,45293,3.0,4,13.0,6591
tech-interview-for-developer,https://github.com/gyoogle/tech-interview-for-developer,2.0,0,636,1.0,1,0.0,6565
AndPermission,https://github.com/yanzhenjie/AndPermission,5.0,0,4486,3.0,2,0.0,6553
k-9,https://github.com/k9mail/k-9,11.0,127,55676,3.0,13,0.0,6515
im-server,https://github.com/wildfirechat/im-server,3.0,64,138049,4.0,73,1.0,6502
angel,https://github.com/Angel-ML/angel,4.0,19,201496,4.0,10,0.0,6500
VBlog,https://github.com/lenve/VBlog,4.0,0,781,4.0,2,1.0,6489
debezium,https://github.com/debezium/debezium,6.0,0,138616,4.0,25,1.0,6458
flyway,https://github.com/flyway/flyway,9.0,135,20851,5.0,5,1.0,6456
gocd,https://github.com/gocd/gocd,8.0,71,288960,4.0,19,0.0,6404
closure-compiler,https://github.com/google/closure-compiler,8.0,0,302118,4.0,35,1.0,6391
walle,https://github.com/Meituan-Dianping/walle,5.0,1,4633,2.0,6,0.5,6362
android-floating-action-button,https://github.com/zendesk/android-floating-action-button,7.0,0,1078,3.0,5,0.0,6360
storm,https://github.com/apache/storm,8.0,0,375943,3.0,30,1.0,6336
react-native-push-notification,https://github.com/zo0r/react-native-push-notification,6.0,35,1884,4.0,2,0.0,6327
FrameworkBenchmarks,https://github.com/TechEmpower/FrameworkBenchmarks,9.0,15,14329,4.0,4,0.0,6321
Toasty,https://github.com/GrenderG/Toasty,5.0,19,487,3.0,2,0.0,6313
AndroidPerformanceMonitor,https://github.com/markzhai/AndroidPerformanceMonitor,6.0,0,2234,3.0,3,0.0,6311
languagetool,https://github.com/languagetool-org/languagetool,8.0,0,164611,4.0,28,1.0,6309
ion,https://github.com/koush/ion,8.0,0,9443,3.0,23,0.0,6303
RoundedImageView,https://github.com/vinc3m1/RoundedImageView,9.0,19,1265,9.0,3,0.0,6301
XPopup,https://github.com/li-xiaojun/XPopup,3.0,176,11818,3.0,9,0.0,6294
nanohttpd,https://github.com/NanoHttpd/nanohttpd,9.0,3,7106,3.0,16,1.0,6276
spider-flow,https://github.com/ssssssss-team/spider-flow,2.0,2,8740,4.0,43,1.0,6273
Shadow,https://github.com/Tencent/Shadow,2.0,3,21738,3.0,8,0.0,6264
processing,https://github.com/processing/processing,9.0,48,109671,2.0,28,0.0,6189
haven,https://github.com/guardianproject/haven,5.0,37,4561,4.0,3,1.0,6177
mybatis-generator-gui,https://github.com/zouzg/mybatis-generator-gui,5.0,16,3047,5.0,4,3.0,6142
SwipeBackLayout,https://github.com/ikew0ng/SwipeBackLayout,8.0,0,1635,3.0,3,3.0,6139
airbyte,https://github.com/airbytehq/airbyte,1.0,188,77814,5.0,7,1.0,6138
MaterialEditText,https://github.com/rengwuxian/MaterialEditText,7.0,19,3385,2.0,2,0.0,6117
ansj_seg,https://github.com/NLPchina/ansj_seg,9.0,3,11856,4.0,4,0.0,6105
BookReader,https://github.com/smuyyh/BookReader,5.0,0,30918,2.0,6,0.0,6078
graylog2-server,https://github.com/Graylog2/graylog2-server,12.0,0,159575,6.0,15,1.0,6074
react-native-video,https://github.com/react-native-video/react-native-video,7.0,6,3172,3.0,2,1.0,6072
EffectiveAndroidUI,https://github.com/pedrovgs/EffectiveAndroidUI,7.0,0,1923,3.0,3,1.0,6046
material,https://github.com/rey5137/material,7.0,10,27346,3.0,9,1.0,6046
Android-Image-Cropper,https://github.com/ArthurHub/Android-Image-Cropper,7.0,32,4655,4.0,3,0.0,6037
physical-web,https://github.com/google/physical-web,7.0,17,7481,3.0,3,0.0,6036
jmeter,https://github.com/apache/jmeter,12.0,0,127474,4.0,11,3.0,6010
incubator-shenyu,https://github.com/apache/incubator-shenyu,3.0,5,68393,4.0,5,0.0,6009
remusic,https://github.com/aa112901/remusic,6.0,0,47786,3.0,7,0.0,5988
NumberProgressBar,https://github.com/daimajia/NumberProgressBar,8.0,3,380,0.5,2,0.0,5980
androidmvp,https://github.com/antoniolg/androidmvp,8.0,0,274,2.0,2,0.0,5962
dynamic-load-apk,https://github.com/singwhatiwanna/dynamic-load-apk,8.0,0,2620,3.0,4,0.0,5961
react-native-svg,https://github.com/react-native-svg/react-native-svg,6.0,76,7968,4.0,55,1.0,5961
cachecloud,https://github.com/sohutv/cachecloud,6.0,6,80739,2.0,7,0.0,5957
tomcat,https://github.com/apache/tomcat,10.0,0,346508,3.0,46,1.0,5943
async-http-client,https://github.com/AsyncHttpClient/async-http-client,11.0,0,32817,4.0,7,1.0,5928
xUtils3,https://github.com/wyouflf/xUtils3,6.0,9,12561,3.0,6,2.0,5914
aeron,https://github.com/real-logic/aeron,8.0,79,84750,4.0,6,0.0,5913
error-prone,https://github.com/google/error-prone,7.0,17,111335,4.0,24,0.0,5908
spring-cloud-examples,https://github.com/ityouknow/spring-cloud-examples,4.0,0,390,4.0,2,0.0,5887
JFoenix,https://github.com/sshahine/JFoenix,6.0,0,24546,4.0,12,1.0,5819
springside4,https://github.com/springside/springside4,10.0,3,12842,2.0,6,1.0,5788
Android-skin-support,https://github.com/ximsfei/Android-skin-support,5.0,0,19377,5.0,7,1.0,5778
rabbitmq-tutorials,https://github.com/rabbitmq/rabbitmq-tutorials,11.0,0,1357,5.0,1,1.0,5774
karate,https://github.com/karatelabs/karate,5.0,43,39563,4.0,8,0.0,5773
rest-assured,https://github.com/rest-assured/rest-assured,11.0,0,26495,4.0,5,0.0,5772
material-calendarview,https://github.com/prolificinteractive/material-calendarview,7.0,22,3658,4.0,4,0.0,5771
javacv,https://github.com/bytedeco/javacv,8.0,8,26557,4.0,13,1.0,5766
BoomMenu,https://github.com/Nightonke/BoomMenu,6.0,0,7710,4.0,5,0.0,5756
testcontainers-java,https://github.com/testcontainers/testcontainers-java,7.0,54,21268,4.0,13,0.0,5756
motan,https://github.com/weibocom/motan,6.0,17,39107,4.0,7,1.0,5754
richeditor-android,https://github.com/wasabeef/richeditor-android,7.0,0,804,2.0,3,0.0,5752
onemall,https://github.com/YunaiV/onemall,2.0,0,16978,4.0,4,0.0,5731
Paper,https://github.com/PaperMC/Paper,6.0,1,148,5.0,2,4.0,5725
InfiniteCycleViewPager,https://github.com/Devlight/InfiniteCycleViewPager,5.0,2,3564,3.0,6,0.0,5721
u2020,https://github.com/JakeWharton/u2020,8.0,0,4806,4.0,7,0.5,5720
jsonschema2pojo,https://github.com/joelittlejohn/jsonschema2pojo,8.0,58,13820,5.0,4,0.0,5698
FEBS-Shiro,https://github.com/febsteam/FEBS-Shiro,4.0,0,4562,4.5,5,0.0,5692
netty-socketio,https://github.com/mrniko/netty-socketio,10.0,3,5529,3.0,5,0.0,5687
SDE-Interview-Questions,https://github.com/twowaits/SDE-Interview-Questions,4.0,1,5,0.0,1,0.0,5678
pentaho-kettle,https://github.com/pentaho/pentaho-kettle,8.0,1,757009,2.0,18,0.0,5661
DiskLruCache,https://github.com/JakeWharton/DiskLruCache,10.0,0,1937,2.5,3,3.0,5660
AndroidImageSlider,https://github.com/daimajia/AndroidImageSlider,7.0,5,3813,2.0,6,1.0,5651
ListViewAnimations,https://github.com/nhaarman/ListViewAnimations,9.0,14,5697,5.0,6,0.0,5636
Spring-Cloud-Platform,https://github.com/wxiaoqi/Spring-Cloud-Platform,4.0,3,6014,3.0,5,0.0,5622
zeppelin,https://github.com/apache/zeppelin,7.0,0,198401,3.0,8,1.0,5620
FastHub,https://github.com/k0shk0sh/FastHub,5.0,63,40321,5.0,6,1.0,5609
blade,https://github.com/lets-blade/blade,6.0,9,14775,3.0,5,0.0,5602
ssm,https://github.com/liyifeng1994/ssm,5.0,0,369,2.0,4,1.0,5596
plantuml,https://github.com/plantuml/plantuml,11.0,10,186308,5.0,19,1.0,5583
ShowcaseView,https://github.com/amlcurran/ShowcaseView,9.0,13,2086,5.0,4,0.0,5577
DiscreteScrollView,https://github.com/yarolegovich/DiscreteScrollView,5.0,2,3698,2.0,3,0.0,5572
circular-progress-button,https://github.com/dmytrodanylyk/circular-progress-button,7.0,1,1429,2.0,3,0.0,5568
springfox,https://github.com/springfox/springfox,10.0,12,32072,3.0,4,0.0,5563
alluxio,https://github.com/Alluxio/alluxio,9.0,53,199255,4.0,68,1.0,5554
config,https://github.com/lightbend/config,10.0,0,13149,3.0,60,0.0,5552
ja-netfilter,https://github.com/ja-netfilter/ja-netfilter,0.0,1,1311,2.0,2,0.0,5545
FlowLayout,https://github.com/hongyangAndroid/FlowLayout,6.0,0,810,3.0,3,0.0,5545
from-java-to-kotlin,https://github.com/MindorksOpenSource/from-java-to-kotlin,4.0,0,37,0.5,1,0.0,5545
aurora-imui,https://github.com/jpush/aurora-imui,5.0,42,17788,2.5,21,0.0,5542
Java-Tutorial,https://github.com/h2pl/Java-Tutorial,3.0,0,8,0.0,1,0.0,5534
StickyListHeaders,https://github.com/emilsjolander/StickyListHeaders,10.0,16,2112,3.0,3,0.0,5522
grafika,https://github.com/google/grafika,8.0,1,10035,5.0,5,0.0,5514
disconf,https://github.com/knightliao/disconf,7.0,12,14009,3.0,7,0.0,5513
freeline,https://github.com/alibaba/freeline,5.0,22,5357,3.0,14,1.0,5495
mosby,https://github.com/sockeqwe/mosby,7.0,15,17138,3.0,10,0.0,5481
smile,https://github.com/haifengl/smile,7.0,22,95561,4.0,22,1.0,5478
rebound,https://github.com/facebookarchive/rebound,8.0,10,4095,2.0,3,0.0,5469
springBoot,https://github.com/527515025/springBoot,5.0,0,6250,4.0,4,0.0,5459
AndroidPicker,https://github.com/gzu-liyujiang/AndroidPicker,6.0,50,13125,3.0,6,0.0,5452
graphql-java,https://github.com/graphql-java/graphql-java,6.0,40,49455,6.0,6,1.0,5440
robolectric,https://github.com/robolectric/robolectric,11.0,82,166812,4.0,46,0.0,5431
barcodescanner,https://github.com/dm77/barcodescanner,8.0,6,2796,2.0,5,0.0,5430
beam,https://github.com/apache/beam,6.0,20,577248,5.0,38,0.0,5402
dataease,https://github.com/dataease/dataease,1.0,24,89526,3.0,4,0.0,5397
SystemBarTint,https://github.com/jgilfelt/SystemBarTint,8.0,3,807,7.0,3,1.0,5392
Fast-Android-Networking,https://github.com/amitshekhariitbhu/Fast-Android-Networking,6.0,8,19596,2.0,18,1.0,5378
tcc-transaction,https://github.com/changmingxie/tcc-transaction,6.0,4,7560,3.0,4,0.0,5374
android-job,https://github.com/evernote/android-job,6.0,31,10679,4.0,30,1.0,5373
gradle-retrolambda,https://github.com/evant/gradle-retrolambda,8.0,37,623,3.0,2,0.0,5361
MinecraftForge,https://github.com/MinecraftForge/MinecraftForge,10.0,0,57909,5.0,72,1.0,5357
HTextView,https://github.com/hanks-zyh/HTextView,6.0,0,3076,2.0,3,0.0,5345
smali,https://github.com/JesusFreke/smali,9.0,1,46762,4.0,26,1.0,5339
XRecyclerView,https://github.com/XRecyclerView/XRecyclerView,6.0,0,5151,2.0,4,0.0,5284
cw-omnibus,https://github.com/commonsguy/cw-omnibus,10.0,36,71221,4.0,10,0.0,5272
twoway-view,https://github.com/lucasr/twoway-view,9.0,0,3688,4.0,6,1.0,5272
dubbo-spring-boot-project,https://github.com/apache/dubbo-spring-boot-project,4.0,13,1908,6.0,2,0.0,5271
micronaut-core,https://github.com/micronaut-projects/micronaut-core,4.0,119,130346,4.0,15,0.0,5266
Leaf,https://github.com/Meituan-Dianping/Leaf,3.0,0,1305,1.5,4,0.0,5258
VitamioBundle,https://github.com/yixia/VitamioBundle,9.0,0,6501,3.0,4,0.0,5250
scribejava,https://github.com/scribejava/scribejava,11.0,7,12625,3.0,6,1.0,5241
supertokens-core,https://github.com/supertokens/supertokens-core,2.0,0,29276,7.0,7,3.0,5242
SwipeRecyclerView,https://github.com/yanzhenjie/SwipeRecyclerView,5.0,0,11090,3.0,6,0.0,5229
datahub,https://github.com/datahub-project/datahub,6.0,49,40887,7.0,4,1.0,5212
FloatingActionButton,https://github.com/Clans/FloatingActionButton,7.0,14,2805,2.0,5,0.0,5210
otto,https://github.com/square/otto,9.0,0,1987,1.0,5,0.0,5204
android-advancedrecyclerview,https://github.com/h6ah4i/android-advancedrecyclerview,7.0,1,20692,4.0,25,0.0,5201
lawnchair,https://github.com/LawnchairLauncher/lawnchair,5.0,34,108579,5.0,13,1.0,5196
Side-Menu.Android,https://github.com/Yalantis/Side-Menu.Android,7.0,2,449,2.0,2,0.0,5191
SmartTubeNext,https://github.com/yuliskov/SmartTubeNext,1.0,65,37820,4.0,6,1.0,5192
MagicCamera,https://github.com/wuhaoyu1990/MagicCamera,6.0,0,14543,3.0,8,0.0,5189
useful-java-links,https://github.com/Vedenin/useful-java-links,6.0,0,5967,2.0,2,0.0,5182
titan,https://github.com/thinkaurelius/titan,10.0,0,71163,3.0,7,1.0,5173
android-lifecycle,https://github.com/xxv/android-lifecycle,8.0,0,481,7.5,2,190.0,5171
wechat,https://github.com/motianhuo/wechat,6.0,0,34426,3.0,6,0.0,5165
camerakit-android,https://github.com/CameraKit/camerakit-android,5.0,17,4487,2.0,6,0.0,5157
Blurry,https://github.com/wasabeef/Blurry,6.0,0,636,3.5,1,0.0,5156
TapTargetView,https://github.com/KeepSafe/TapTargetView,5.0,23,1948,2.0,3,0.0,5151
react-native-splash-screen,https://github.com/crazycodeboy/react-native-splash-screen,5.0,12,246,2.5,2,0.5,5141
Dexter,https://github.com/Karumi/Dexter,6.0,33,2197,3.0,5,0.0,5136
ysoserial,https://github.com/frohoff/ysoserial,7.0,0,3851,3.0,5,1.0,5116
junit5,https://github.com/junit-team/junit5,7.0,54,73252,3.0,20,0.0,5086
mapstruct,https://github.com/mapstruct/mapstruct,9.0,22,81041,2.0,11,0.0,5048
zxing-android-embedded,https://github.com/journeyapps/zxing-android-embedded,9.0,9,5169,4.0,5,1.0,5046
aws-doc-sdk-examples,https://github.com/awsdocs/aws-doc-sdk-examples,5.0,0,46255,5.0,5,1.0,5046
flowable-engine,https://github.com/flowable/flowable-engine,5.0,20,533132,5.0,10,1.0,5042
InstaMaterial,https://github.com/frogermcs/InstaMaterial,7.0,1,2223,2.0,4,0.0,5034
ctci,https://github.com/careercup/ctci,9.0,0,11244,2.0,5,1.0,5032
UltraViewPager,https://github.com/alibaba/UltraViewPager,5.0,10,1518,2.0,2,0.0,5028
Android-ZBLibrary,https://github.com/TommyLemon/Android-ZBLibrary,6.0,25,14602,3.0,5,0.0,5024
Small,https://github.com/wequick/Small,6.0,25,7726,2.0,7,0.0,5014
btrace,https://github.com/btraceio/btrace,7.0,29,37951,4.0,9,0.0,5005
android-common,https://github.com/Trinea/android-common,9.0,1,6671,3.0,4,1.0,4999
transmittable-thread-local,https://github.com/alibaba/transmittable-thread-local,8.0,49,3344,4.0,6,0.0,4991
spring-mvc-showcase,https://github.com/spring-attic/spring-mvc-showcase,10.0,0,1281,5.0,3,0.0,4988
RippleEffect,https://github.com/traex/RippleEffect,7.0,0,504,2.0,2,0.0,4961
RxJava2-Android-Samples,https://github.com/amitshekhariitbhu/RxJava2-Android-Samples,5.0,0,3992,2.0,3,0.0,4956
wiremock,https://github.com/wiremock/wiremock,10.0,1,39896,3.0,8,0.0,4954
dialogplus,https://github.com/orhanobut/dialogplus,7.0,9,1047,3.0,2,0.0,4953
android-zxingLibrary,https://github.com/yipianfengye/android-zxingLibrary,5.0,0,2018,3.0,3,0.0,4921
shimmer-android,https://github.com/facebook/shimmer-android,7.0,5,854,9.0,3,10.0,4917
NavigationTabBar,https://github.com/Devlight/NavigationTabBar,6.0,13,2538,2.0,4,0.5,4911
quartz,https://github.com/quartz-scheduler/quartz,6.0,2,42015,3.0,7,1.0,4909
hibernate-orm,https://github.com/hibernate/hibernate-orm,11.0,16,717465,5.0,30,1.0,4904
generator,https://github.com/mybatis/generator,9.0,10,72833,5.0,7,3.0,4900
AndroidVideoCache,https://github.com/danikula/AndroidVideoCache,7.0,20,3217,3.0,4,1.0,4900
socket.io-client-java,https://github.com/socketio/socket.io-client-java,9.0,3,5255,1.0,4,0.0,4885
folding-cell-android,https://github.com/Ramotion/folding-cell-android,6.0,0,812,2.0,2,0.0,4867
lanproxy,https://github.com/ffay/lanproxy,5.0,1,2668,3.0,4,0.0,4865
GravitySnapHelper,https://github.com/rubensousa/GravitySnapHelper,5.0,14,610,4.5,3,1.0,4863
Transitions-Everywhere,https://github.com/andkulikov/Transitions-Everywhere,7.0,23,9485,5.0,11,0.0,4854
Aria,https://github.com/AriaLyy/Aria,6.0,26,42723,4.0,7,1.0,4852
ksql,https://github.com/confluentinc/ksql,5.0,8,193057,5.0,9,0.0,4848
jOOQ,https://github.com/jOOQ/jOOQ,11.0,0,200774,6.0,35,3.0,4848
lucida,https://github.com/claritylab/lucida,7.0,0,23221,5.0,5,1.0,4825
jvm-sandbox,https://github.com/alibaba/jvm-sandbox,4.0,12,14467,2.0,9,0.0,4818
byte-buddy,https://github.com/raphw/byte-buddy,8.0,246,248724,4.0,43,0.0,4815
LayoutManagerGroup,https://github.com/DingMouRen/LayoutManagerGroup,3.0,0,2285,3.0,3,0.0,4799
Anki-Android,https://github.com/ankidroid/Anki-Android,9.0,987,60013,5.0,53,1.0,4798
hazelcast,https://github.com/hazelcast/hazelcast,10.0,167,930400,4.0,580,1.0,4791
AndroidStaggeredGrid,https://github.com/etsy/AndroidStaggeredGrid,8.0,7,4010,3.0,7,0.5,4789
Discovery,https://github.com/Nepxion/Discovery,3.0,112,21145,4.0,6,0.0,4779
google-authenticator,https://github.com/google/google-authenticator,7.0,0,3935,2.0,9,1.0,4774
joda-time,https://github.com/JodaOrg/joda-time,11.0,36,91429,6.0,17,10.0,4768
packer-ng-plugin,https://github.com/mcxiaoke/packer-ng-plugin,6.0,1,1776,2.0,4,1.0,4761
OpenSearch,https://github.com/opensearch-project/OpenSearch,1.0,12,960640,5.0,141,1.0,4748
cameraview,https://github.com/google/cameraview,5.0,0,2983,3.0,3,0.0,4736
Android-ConvenientBanner,https://github.com/saiwu-bigkoo/Android-ConvenientBanner,7.0,0,848,3.0,3,1.0,4730
vavr,https://github.com/vavr-io/vavr,8.0,17,64395,5.0,9,1.0,4724
smartTable,https://github.com/huangyanbin/smartTable,4.0,44,14165,2.0,4,0.0,4723
cardslib,https://github.com/gabrielemariotti/cardslib,8.0,27,32257,4.0,20,0.0,4718
ActiveAndroid,https://github.com/pardom-zz/ActiveAndroid,9.0,0,3158,3.0,6,3.0,4717
AndroidProject,https://github.com/getActivity/AndroidProject,3.0,17,20468,4.0,12,1.0,4716
BasePopup,https://github.com/razerdp/BasePopup,6.0,15,28208,3.0,10,1.0,4688
gephi,https://github.com/gephi/gephi,10.0,13,121325,3.0,21,0.0,4681
baseAdapter,https://github.com/hongyangAndroid/baseAdapter,6.0,0,1563,3.0,3,0.0,4668
springcloud-learning,https://github.com/macrozheng/springcloud-learning,2.0,0,1823,4.0,2,0.0,4658
CloudReader,https://github.com/youlookwhat/CloudReader,5.0,25,18851,3.0,10,0.0,4649
zfile,https://github.com/zhaojun1998/zfile,2.0,39,3536,5.0,4,0.0,4648
MaterialDateTimePicker,https://github.com/wdullaer/MaterialDateTimePicker,7.0,54,7536,5.0,3,1.0,4645
java-jwt,https://github.com/auth0/java-jwt,8.0,32,7953,4.0,5,1.0,4644
sqlbrite,https://github.com/square/sqlbrite,7.0,9,3329,2.0,6,0.0,4636
GmsCore,https://github.com/microg/GmsCore,8.0,26,33058,4.0,14,0.0,4625
opentsdb,https://github.com/OpenTSDB/opentsdb,11.0,26,103458,4.0,16,0.0,4626
SoloPi,https://github.com/alipay/SoloPi,3.0,7,53275,2.0,7,0.0,4615
JS-Sorting-Algorithm,https://github.com/hustcc/JS-Sorting-Algorithm,5.0,0,389,3.0,1,0.5,4613
go-lang-idea-plugin,https://github.com/go-lang-plugin-org/go-lang-idea-plugin,11.0,21,45363,6.0,24,3.0,4601
Depth-LIB-Android-,https://github.com/danielzeller/Depth-LIB-Android-,6.0,0,3771,2.0,3,0.0,4584
itstack-demo-design,https://github.com/fuzhengwei/itstack-demo-design,1.0,0,3985,2.0,3,0.0,4583
uid-generator,https://github.com/baidu/uid-generator,5.0,0,873,1.0,4,1.0,4581
JAViewer,https://github.com/SplashCodes/JAViewer,5.0,10,6309,4.0,7,0.0,4578
SimplifyReader,https://github.com/chentao0707/SimplifyReader,6.0,0,34709,2.0,7,0.0,4576
EdXposed,https://github.com/ElderDrivers/EdXposed,3.0,27,71794,4.0,13,1.0,4564
SwitchButton,https://github.com/kyleduo/SwitchButton,7.0,0,1549,2.0,3,0.0,4559
okdownload,https://github.com/lingochamp/okdownload,4.0,8,18986,4.0,6,0.0,4559
chuck,https://github.com/jgilfelt/chuck,5.0,5,1698,4.0,4,0.5,4557
spring-cloud-netflix,https://github.com/spring-cloud/spring-cloud-netflix,7.0,2,7141,6.0,5,0.0,4546
v9porn,https://github.com/techGay/v9porn,4.0,9,24718,3.0,5,0.0,4542
spring-security-oauth,https://github.com/spring-projects/spring-security-oauth,10.0,0,34731,4.0,24,0.0,4542
bottomsheet,https://github.com/Flipboard/bottomsheet,7.0,10,2578,3.0,4,0.0,4535
PageIndicatorView,https://github.com/romandanylyk/PageIndicatorView,5.0,14,3532,4.0,4,1.0,4527
android-crop,https://github.com/jdamcd/android-crop,8.0,6,1676,1.0,3,0.0,4524
NineOldAndroids,https://github.com/JakeWharton/NineOldAndroids,10.0,0,7585,2.0,4,0.0,4523
sofa-boot,https://github.com/sofastack/sofa-boot,4.0,50,23383,4.0,5,0.0,4521
android-tips-tricks,https://github.com/nisrulz/android-tips-tricks,5.0,0,22,1.0,1,0.0,4513
PLDroidPlayer,https://github.com/pili-engineering/PLDroidPlayer,6.0,41,5876,2.0,3,0.0,4508
Douya,https://github.com/zhanghai/Douya,6.0,11,44631,4.0,14,1.0,4506
FastBle,https://github.com/Jasonchenlijian/FastBle,5.0,9,4713,2.0,4,0.0,4505
lettuce-core,https://github.com/lettuce-io/lettuce-core,8.0,99,78753,4.0,20,0.0,4486
mapdb,https://github.com/jankotek/mapdb,9.0,0,20198,2.0,54,0.0,4483
android-times-square,https://github.com/square/android-times-square,9.0,0,2286,4.0,4,0.0,4447
dexposed,https://github.com/alibaba/dexposed,6.0,0,2414,2.0,6,0.0,4439
bilibili-android-client,https://github.com/HotBitmapGG/bilibili-android-client,5.0,1,38892,3.0,6,3.0,4433
SmoothProgressBar,https://github.com/castorflex/SmoothProgressBar,8.0,9,2208,3.0,3,0.0,4430
orientdb,https://github.com/orientechnologies/orientdb,9.0,180,516197,5.0,7,1.0,4424
hbase,https://github.com/apache/hbase,7.0,20,890093,5.0,106,1.0,4416
quasar,https://github.com/puniverse/quasar,9.0,18,52770,2.0,13,0.0,4400
spring-data-examples,https://github.com/spring-projects/spring-data-examples,8.0,0,51269,2.0,4,0.0,4398
google-java-format,https://github.com/google/google-java-format,6.0,17,12252,3.0,6,1.0,4395
janusgraph,https://github.com/JanusGraph/janusgraph,5.0,20,87208,4.0,11,1.0,4379
Luyten,https://github.com/deathmarine/Luyten,8.0,17,6750,1.0,11,0.0,4373
FirebaseUI-Android,https://github.com/firebase/FirebaseUI-Android,6.0,63,13821,7.0,17,1.0,4370
android-mvp-architecture,https://github.com/MindorksOpenSource/android-mvp-architecture,5.0,0,4049,3.0,5,0.0,4365
android-volley,https://github.com/mcxiaoke/android-volley,8.0,0,4965,3.0,31,0.0,4349
gpmall,https://github.com/2227324689/gpmall,2.0,0,8865,3.0,5,0.0,4336
reactive-streams-jvm,https://github.com/reactive-streams/reactive-streams-jvm,8.0,0,15248,3.0,7,0.0,4327
api-samples,https://github.com/youtube/api-samples,8.0,0,2541,7.0,1,0.0,4322
springboot-guide,https://github.com/CodingDocs/springboot-guide,3.0,0,1522,3.0,4,0.0,4320
cglib,https://github.com/cglib/cglib,8.0,15,17670,1.0,15,0.0,4320
BottomNavigation,https://github.com/Ashok-Varma/BottomNavigation,6.0,16,2091,5.5,4,4.5,4308
LSPosed,https://github.com/LSPosed/LSPosed,1.0,30,20045,3.0,16,0.0,4302
roncoo-pay,https://github.com/roncoo/roncoo-pay,5.0,0,19910,3.0,5,3.0,4290
drools,https://github.com/kiegroup/drools,11.0,0,725304,4.0,59,1.0,4289
coursera-android,https://github.com/aporter/coursera-android,8.0,0,16530,4.0,5,0.0,4285
lamp-cloud,https://github.com/zuihou/lamp-cloud,4.0,0,9105,8.0,3,0.0,4280
BGARefreshLayout-Android,https://github.com/bingoogolapple/BGARefreshLayout-Android,6.0,4,5450,3.0,4,1.0,4276
GT,https://github.com/Tencent/GT,6.0,3,55173,2.0,6,0.0,4265
baritone,https://github.com/cabaletta/baritone,3.0,61,17152,4.0,6,1.0,4260
bitcoinj,https://github.com/bitcoinj/bitcoinj,8.0,1,67740,3.0,44,1.0,4254
crawler4j,https://github.com/yasserg/crawler4j,10.0,3,4736,4.0,3,1.0,4248
Spring-Boot-In-Action,https://github.com/hansonwang99/Spring-Boot-In-Action,3.0,0,2714,3.0,4,0.0,4244
ticker,https://github.com/robinhood/ticker,5.0,9,1581,4.0,4,0.0,4242
CameraView,https://github.com/natario1/CameraView,4.0,42,21138,3.0,7,0.0,4235
ImagePicker,https://github.com/jeasonlzy/ImagePicker,6.0,5,3685,3.0,4,0.0,4231
LintCode,https://github.com/awangdev/LintCode,7.0,0,2246,2.0,1,0.0,4223
JGrowing,https://github.com/javagrowing/JGrowing,3.0,0,329,1.0,1,1.0,4218
ribbon,https://github.com/Netflix/ribbon,9.0,41,21786,2.0,6,0.0,4207
shopping-management-system,https://github.com/zhanglei-workspace/shopping-management-system,6.0,0,5353,3.0,4,3.0,4201
hive,https://github.com/apache/hive,13.0,0,1961356,4.0,47,1.0,4198
camel,https://github.com/apache/camel,13.0,0,1594058,3.0,442,0.0,4192
android-autofittextview,https://github.com/grantland/android-autofittextview,11.0,1,470,4.0,2,1.5,4180
gnirehtet,https://github.com/Genymobile/gnirehtet,5.0,11,4326,2.0,3,1.0,4173
Android-IMSI-Catcher-Detector,https://github.com/CellularPrivacy/Android-IMSI-Catcher-Detector,8.0,48,12171,3.0,4,0.0,4169
Robust,https://github.com/Meituan-Dianping/Robust,5.0,13,2953,2.0,3,3.5,4164
DeepLinkDispatch,https://github.com/airbnb/DeepLinkDispatch,6.0,22,8643,5.0,2,0.0,4150
AntennaPod,https://github.com/AntennaPod/AntennaPod,9.0,43,47591,5.0,8,1.0,4133
spring-boot-projects,https://github.com/ZHENFENG13/spring-boot-projects,5.0,0,2723,3.0,4,1.0,4129
JKeyboardPanelSwitch,https://github.com/Jacksgong/JKeyboardPanelSwitch,6.0,14,1736,3.0,2,0.0,4127
AndroidWiFiADB,https://github.com/pedrovgs/AndroidWiFiADB,6.0,8,1096,2.0,5,0.0,4123
javaparser,https://github.com/javaparser/javaparser,10.0,33,113423,5.0,20,1.0,4121
CoordinatorTabLayout,https://github.com/hugeterry/CoordinatorTabLayout,5.0,0,473,3.0,2,0.0,4120
libsvm,https://github.com/cjlin1/libsvm,8.0,0,3087,1.5,5,0.0,4116
ShineButton,https://github.com/ChadCSong/ShineButton,5.0,2,1111,2.0,4,0.0,4112
tx-lcn,https://github.com/codingapi/tx-lcn,4.0,14,7772,4.0,4,0.0,4112
ignite,https://github.com/apache/ignite,7.0,0,1156918,3.0,59,0.0,4105
xpay,https://github.com/Exrick/xpay,4.0,0,1449,5.0,1,1.0,4100
views-widgets-samples,https://github.com/android/views-widgets-samples,2.0,0,7344,2.0,9,0.0,4100
rocketmq-externals,https://github.com/apache/rocketmq-externals,5.0,0,9842,4.0,4,0.0,4089
BGABanner-Android,https://github.com/bingoogolapple/BGABanner-Android,7.0,0,2123,3.0,3,1.0,4083
StepView,https://github.com/baoyachi/StepView,5.0,13,906,7.0,3,0.0,4077
reflections,https://github.com/ronmamo/reflections,9.0,3,4931,1.0,5,0.0,4071
Tangram-Android,https://github.com/alibaba/Tangram-Android,5.0,38,24338,3.0,6,0.0,4057
thumbnailator,https://github.com/coobird/thumbnailator,6.0,0,16634,2.0,4,1.0,4056
ViewPagerCards,https://github.com/rubensousa/ViewPagerCards,5.0,0,240,6.0,2,0.0,4053
conductor,https://github.com/Netflix/conductor,5.0,280,50345,6.0,4,0.0,4047
OpenHub,https://github.com/ThirtyDegreesRay/OpenHub,4.0,31,24549,4.0,9,1.0,4045
YCSB,https://github.com/brianfrankcooper/YCSB,12.0,55,22046,3.0,5,0.0,4038
Phoenix,https://github.com/Yalantis/Phoenix,7.0,1,976,2.5,4,0.0,4037
CircleIndicator,https://github.com/ongakuer/CircleIndicator,7.0,7,1712,5.0,3,1.0,4036
JSON-java,https://github.com/stleary/JSON-java,11.0,15,9835,1.0,5,1.0,4031
FloatingActionButton,https://github.com/makovkastar/FloatingActionButton,7.0,0,1014,3.0,6,1.0,4026
LoadingDrawable,https://github.com/dinuscxj/LoadingDrawable,6.0,0,4428,4.0,3,1.0,4023
Conversations,https://github.com/iNPUTmice/Conversations,8.0,101,67052,3.0,11,1.0,4019
objectbox-java,https://github.com/objectbox/objectbox-java,5.0,29,20991,4.0,24,1.0,4000
azkaban,https://github.com/azkaban/azkaban,9.0,48,85552,4.0,6,1.0,3996
Bolts-Android,https://github.com/BoltsFramework/Bolts-Android,8.0,11,5144,2.0,4,0.0,3985
java-algorithms-implementation,https://github.com/phishman3579/java-algorithms-implementation,8.0,0,31758,3.0,41,0.0,3985
SpringBoot-Shiro-Vue,https://github.com/Heeexy/SpringBoot-Shiro-Vue,4.0,0,632,6.0,4,0.0,3982
FloatWindow,https://github.com/yhaolpz/FloatWindow,4.0,9,1473,2.0,3,1.0,3971
RxJavaSamples,https://github.com/rengwuxian/RxJavaSamples,6.0,3,1001,3.0,3,0.0,3970
BadgeView,https://github.com/qstumn/BadgeView,5.0,5,1759,2.0,3,0.0,3968
ruoyi-vue-pro,https://github.com/YunaiV/ruoyi-vue-pro,1.0,9,26475,6.0,4,0.0,3968
GCViewer,https://github.com/chewiebug/GCViewer,10.0,5,19800,4.0,24,1.0,3950
InternetArchitect,https://github.com/bjmashibing/InternetArchitect,2.0,0,44673,3.0,14,0.0,3948
jstorm,https://github.com/alibaba/jstorm,8.0,22,296316,4.0,67,1.0,3943
dddsample-core,https://github.com/citerus/dddsample-core,7.0,0,4360,4.0,4,0.0,3940
TwinklingRefreshLayout,https://github.com/lcodecorex/TwinklingRefreshLayout,6.0,0,6273,2.0,4,0.0,3933
java-learning,https://github.com/brianway/java-learning,6.0,0,10984,1.0,4,0.0,3932
linuxdeploy,https://github.com/meefik/linuxdeploy,9.0,37,2693,5.0,2,3.0,3932
simplify,https://github.com/CalebFenton/simplify,8.0,9,21150,8.0,4,0.0,3928
ExpandableTextView,https://github.com/Manabu-GT/ExpandableTextView,7.0,4,552,4.0,5,0.0,3924
bisq,https://github.com/bisq-network/bisq,8.0,120,161500,4.0,27,1.0,3919
android-iconify,https://github.com/JoanZapata/android-iconify,8.0,0,909,3.0,2,1.0,3916
DKVideoPlayer,https://github.com/Doikki/DKVideoPlayer,5.0,30,16368,3.0,6,0.5,3914
DependencyCheck,https://github.com/jeremylong/DependencyCheck,9.0,30,36834,5.0,5,3.0,3912
AndroidHttpCapture,https://github.com/JZ-Darkal/AndroidHttpCapture,5.0,1,15905,3.0,4,0.0,3902
CC,https://github.com/luckybilly/CC,4.0,0,4599,4.0,5,0.0,3901
XCL-Charts,https://github.com/xcltapestry/XCL-Charts,7.0,0,23397,3.0,5,4.0,3900
mybatis,https://github.com/tuguangquan/mybatis,7.0,0,39118,2.0,7,0.0,3899
rstudio,https://github.com/rstudio/rstudio,11.0,0,213366,3.0,13,0.0,3898
moco,https://github.com/dreamhead/moco,9.0,0,15544,5.0,7,1.0,3896
jodd,https://github.com/oblac/jodd,9.0,37,26870,3.0,24,0.0,3879
ahbottomnavigation,https://github.com/aurelhubert/ahbottomnavigation,6.0,14,2339,2.0,2,0.0,3874
pinot,https://github.com/apache/pinot,7.0,15,298634,4.0,32,1.0,3872
Gadgetbridge,https://github.com/Freeyourgadget/Gadgetbridge,7.0,0,105816,3.0,21,1.0,3864
BigImageViewer,https://github.com/Piasy/BigImageViewer,5.0,0,2538,3.0,4,0.5,3859
vespa,https://github.com/vespa-engine/vespa,5.0,14,639964,4.0,75,1.0,3847
hawk,https://github.com/orhanobut/hawk,7.0,22,834,2.0,2,1.0,3841
greys-anatomy,https://github.com/oldmanpushcart/greys-anatomy,9.0,0,10774,3.0,4,0.0,3839
Conductor,https://github.com/bluelinelabs/Conductor,6.0,19,6535,3.0,4,0.0,3834
react-native-webrtc,https://github.com/react-native-webrtc/react-native-webrtc,6.0,42,2736,2.0,2,0.0,3828
hmily,https://github.com/dromara/hmily,4.0,0,25808,4.0,5,0.0,3823
roboguice,https://github.com/roboguice/roboguice,9.0,0,74026,3.0,41,0.0,3817
web3j,https://github.com/web3j/web3j,5.0,94,34415,2.0,34,0.0,3816
AndroidTutorialForBeginners,https://github.com/hussien89aa/AndroidTutorialForBeginners,5.0,0,3957,4.0,4,0.0,3814
JavaBooks,https://github.com/itwanger/JavaBooks,1.0,0,4,0.0,1,0.0,3813
pmd,https://github.com/pmd/pmd,9.0,74,123989,3.0,9,1.0,3795
MaterialSearchView,https://github.com/MiguelCatalan/MaterialSearchView,6.0,6,1361,2.0,3,1.0,3794
javacpp,https://github.com/bytedeco/javacpp,8.0,8,25487,4.0,13,0.0,3791
frontend-maven-plugin,https://github.com/eirslett/frontend-maven-plugin,8.0,0,2944,3.0,4,1.0,3776
shiro,https://github.com/apache/shiro,12.0,0,32214,3.0,11,1.0,3773
easy-rules,https://github.com/j-easy/easy-rules,9.0,10,4857,4.0,5,1.0,3770
AmazeFileManager,https://github.com/TeamAmaze/AmazeFileManager,7.0,58,32119,4.0,9,1.0,3767
powermock,https://github.com/powermock/powermock,7.0,16,32927,2.0,7,0.0,3765
LogiKM,https://github.com/didi/LogiKM,2.0,13,46692,3.0,5,3.0,3761
IJPay,https://github.com/Javen205/IJPay,4.0,23,10829,5.0,3,0.0,3761
malmo,https://github.com/microsoft/malmo,5.0,21,19130,5.0,41,1.0,3757
learning-spark,https://github.com/databricks/learning-spark,7.0,0,2295,2.0,2,0.0,3747
RichText,https://github.com/zzhoujay/RichText,6.0,0,5185,2.0,5,0.0,3739
xdm,https://github.com/subhra74/xdm,4.0,3,26878,2.0,7,1.0,3736
NetGuard,https://github.com/M66B/NetGuard,6.0,134,12817,2.0,6,0.0,3729
sticky-headers-recyclerview,https://github.com/timehop/sticky-headers-recyclerview,7.0,0,808,2.0,3,0.0,3726
XUI,https://github.com/xuexiangjys/XUI,3.0,21,89114,3.0,9,1.0,3717
querydsl,https://github.com/querydsl/querydsl,10.0,34,98761,3.0,28,0.0,3717
NoHttp,https://github.com/yanzhenjie/NoHttp,6.0,0,8428,3.0,4,1.0,3714
CircleProgress,https://github.com/lzyzsd/CircleProgress,7.0,0,1451,6.0,4,1.0,3701
SmartCropper,https://github.com/pqpo/SmartCropper,4.0,13,1004,3.0,2,0.0,3700
spruce-android,https://github.com/willowtreeapps/spruce-android,5.0,3,4269,3.0,5,0.0,3691
lwjgl3,https://github.com/LWJGL/lwjgl3,9.0,16,680051,6.0,18,66.0,3686
failsafe,https://github.com/failsafe-lib/failsafe,6.0,0,9994,6.0,12,1.0,3682
Launcher3,https://github.com/amirzaidi/Launcher3,4.0,22,60122,3.0,8,0.0,3671
epic,https://github.com/tiann/epic,4.0,5,5127,3.0,3,1.0,3670
HMCL,https://github.com/huanghongxun/HMCL,6.0,177,55275,4.0,33,1.0,3666
Recaf,https://github.com/Col-E/Recaf,4.0,168,27998,5.0,10,1.0,3661
ASimpleCache,https://github.com/yangfuhai/ASimpleCache,8.0,0,1993,2.0,3,0.0,3654
GuideView,https://github.com/binIoter/GuideView,5.0,0,1246,2.0,4,1.0,3648
StylishMusicPlayer,https://github.com/ryanhoo/StylishMusicPlayer,5.0,0,5777,3.0,4,0.0,3629
datax-web,https://github.com/WeiYe-Jing/datax-web,2.0,5,13801,3.0,5,0.0,3626
emojicon,https://github.com/rockerhieu/emojicon,8.0,2,2971,4.0,4,0.0,3618
MarqueeView,https://github.com/sunfusheng/MarqueeView,5.0,0,804,4.0,2,0.0,3617
open-location-code,https://github.com/google/open-location-code,7.0,5,2250,3.0,3,0.0,3617
android-common,https://github.com/litesuits/android-common,7.0,0,6519,2.0,4,1.0,3616
ForestBlog,https://github.com/saysky/ForestBlog,4.0,0,2437,3.0,2,0.0,3616
SuperTextView,https://github.com/lygttpod/SuperTextView,5.0,39,4002,2.0,3,0.0,3614
jitsi,https://github.com/jitsi/jitsi,9.0,7,218974,3.0,103,0.0,3612
mockserver,https://github.com/mock-server/mockserver,9.0,0,62828,4.0,6,1.0,3611
graphhopper,https://github.com/graphhopper/graphhopper,10.0,35,80463,4.0,8,0.0,3601
runelite,https://github.com/runelite/runelite,5.0,0,193904,3.0,8,0.0,3594
tech-weekly,https://github.com/mercyblitz/tech-weekly,3.0,0,996,1.0,2,0.0,3591
parceler,https://github.com/johncarl81/parceler,8.0,0,10156,3.0,23,0.0,3583
tiny-spring,https://github.com/code4craft/tiny-spring,8.0,0,1543,2.0,3,0.0,3582
Store,https://github.com/nytimes/Store,5.0,0,11288,5.0,52,1.0,3581
incubator-heron,https://github.com/apache/incubator-heron,6.0,56,69595,4.0,7,1.0,3580
ExplosionField,https://github.com/tyrantgit/ExplosionField,6.0,0,343,2.0,2,0.0,3578
androidx,https://github.com/androidx/androidx,1.0,0,844341,4.0,29,0.0,3575
JSqlParser,https://github.com/JSQLParser/JSqlParser,10.0,27,30555,4.0,5,3.0,3570
SpringBootVulExploit,https://github.com/LandGrey/SpringBootVulExploit,1.0,0,258,3.0,1,0.0,3569
spring-boot-starter,https://github.com/mybatis/spring-boot-starter,6.0,23,3716,4.0,4,0.0,3568
atmosphere,https://github.com/Atmosphere/atmosphere,11.0,0,42258,3.0,9,1.0,3567
DropDownMenu,https://github.com/dongjunkun/DropDownMenu,6.0,2,513,3.0,2,0.0,3566
android-stackblur,https://github.com/kikoso/android-stackblur,8.0,0,933,0.0,4,0.0,3561
retrolambda,https://github.com/luontola/retrolambda,8.0,0,4848,1.0,7,0.0,3549
RecyclerViewPager,https://github.com/lsjwzh/RecyclerViewPager,7.0,10,2735,2.0,4,0.0,3546
--,https://github.com/981011512/--,1.0,0,26884,3.0,4,6.0,3540
sofa-rpc,https://github.com/sofastack/sofa-rpc,4.0,44,65565,3.0,5,0.0,3538
blurkit-android,https://github.com/CameraKit/blurkit-android,5.0,3,497,5.0,3,0.0,3538
opengrok,https://github.com/oracle/opengrok,9.0,197,64670,3.0,7,1.0,3535
floatingsearchview,https://github.com/arimorty/floatingsearchview,6.0,0,4170,2.0,3,0.0,3534
ChatKit,https://github.com/stfalcon-studio/ChatKit,5.0,1,4680,3.0,47,0.0,3530
SwipeMenuListView,https://github.com/baoyongzhang/SwipeMenuListView,7.0,2,1347,2.0,4,1.0,3529
dubbo-admin,https://github.com/apache/dubbo-admin,4.0,4,9478,2.0,5,1.0,3529
JustTrustMe,https://github.com/Fuzion24/JustTrustMe,7.0,1,622,1.0,2,0.0,3519
XposedInstaller,https://github.com/rovo89/XposedInstaller,10.0,0,8980,2.0,6,0.0,3513
armeria,https://github.com/line/armeria,6.0,199,204457,4.0,24,0.0,3508
ThreeTenABP,https://github.com/JakeWharton/ThreeTenABP,6.0,0,117,4.0,2,0.0,3501
andOTP,https://github.com/andOTP/andOTP,4.0,38,8443,3.0,6,0.0,3501
DataMiningAlgorithm,https://github.com/linyiqun/DataMiningAlgorithm,7.0,0,11663,2.0,3,0.0,3499
kafdrop,https://github.com/obsidiandynamics/kafdrop,2.0,43,2538,3.0,4,0.0,3495
GeekNews,https://github.com/codeestX/GeekNews,5.0,0,11939,2.0,5,0.0,3492
mpush,https://github.com/mpusher/mpush,6.0,9,15032,3.0,4,1.0,3491
CustomActivityOnCrash,https://github.com/Ereza/CustomActivityOnCrash,7.0,11,998,3.0,2,0.0,3491
FlexibleAdapter,https://github.com/davideas/FlexibleAdapter,7.0,30,15853,4.0,8,1.0,3490
rejoiner,https://github.com/google/rejoiner,4.0,3,3566,5.0,8,0.0,3482
xboot,https://github.com/Exrick/xboot,3.0,6,9814,6.0,4,0.0,3480
traccar,https://github.com/traccar/traccar,10.0,35,58760,3.0,4,0.0,3478
SeeWeather,https://github.com/xcc3641/SeeWeather,6.0,2,3101,3.0,10,1.0,3475
hackpad,https://github.com/dropbox/hackpad,6.0,0,87731,3.0,11,1.0,3470
MagicaSakura,https://github.com/bilibili/MagicaSakura,5.0,3,5367,7.5,11,3.0,3470
javassist,https://github.com/jboss-javassist/javassist,8.0,18,82448,1.0,19,0.0,3465
Music-Player,https://github.com/andremion/Music-Player,5.0,2,926,3.5,4,0.5,3464
picocli,https://github.com/remkop/picocli,5.0,78,91331,2.0,76,0.0,3451
microservices-platform,https://github.com/zlt2000/microservices-platform,3.0,25,12177,4.0,4,0.0,3444
usb-serial-for-android,https://github.com/mik3y/usb-serial-for-android,8.0,21,6352,5.5,5,1.0,3442
giffun,https://github.com/guolindev/giffun,3.0,0,22397,3.0,6,1.0,3441
XChange,https://github.com/knowm/XChange,10.0,0,163814,4.0,8,0.0,3438
spring-cloud-gateway,https://github.com/spring-cloud/spring-cloud-gateway,5.0,0,22965,5.0,7,0.0,3436
android-butterknife-zelezny,https://github.com/avast/android-butterknife-zelezny,8.0,8,1626,3.0,7,0.0,3421
Skeleton,https://github.com/ethanhua/Skeleton,4.0,0,752,3.0,3,0.0,3417
android-priority-jobqueue,https://github.com/yigit/android-priority-jobqueue,7.0,0,14102,3.0,11,0.0,3409
PowerJob,https://github.com/PowerJob/PowerJob,2.0,32,14573,4.0,5,0.0,3407
SwipeDelMenuLayout,https://github.com/mcxtzhang/SwipeDelMenuLayout,5.0,2,1085,2.0,2,0.0,3405
java-faker,https://github.com/DiUS/java-faker,10.0,0,6710,4.0,2,0.0,3398
AppUpdate,https://github.com/WVector/AppUpdate,4.0,3,2925,3.0,3,1.0,3397
TinyPinyin,https://github.com/promeG/TinyPinyin,6.0,2,1399,1.0,3,0.0,3397
spring-authorization-server,https://github.com/spring-projects/spring-authorization-server,2.0,10,23750,6.0,7,1.0,3395
light-4j,https://github.com/networknt/light-4j,5.0,145,48735,2.0,7,1.0,3393
Guns,https://github.com/stylefeng/Guns,4.0,0,326,6.0,2,0.0,3392
SSM,https://github.com/crossoverJie/SSM,5.0,10,12864,2.0,2,2.0,3389
databus,https://github.com/linkedin/databus,9.0,0,124341,3.0,15,0.0,3380
groupie,https://github.com/lisawray/groupie,5.0,27,3898,3.0,5,0.0,3377
archi,https://github.com/ivacf/archi,6.0,0,2029,3.5,2,0.0,3368
Play-with-Algorithms,https://github.com/liuyubobobo/Play-with-Algorithms,5.0,0,5302,2.0,2,0.0,3362
Android-Week-View,https://github.com/alamkanak/Android-Week-View,7.0,4,2003,2.0,3,0.0,3360
sodium-fabric,https://github.com/CaffeineMC/sodium-fabric,2.0,11,11383,4.0,8,1.0,3361
android-maps-utils,https://github.com/googlemaps/android-maps-utils,8.0,24,13571,5.0,6,1.0,3357
netty-learning,https://github.com/code4craft/netty-learning,8.0,0,68759,4.0,14,1.0,3354
data-transfer-project,https://github.com/google/data-transfer-project,4.0,43,21398,3.0,5,0.0,3333
bistoury,https://github.com/qunarcorp/bistoury,2.0,8,73638,3.0,9,1.0,3326
jetty.project,https://github.com/eclipse/jetty.project,10.0,38,387506,4.0,30,0.0,3322
LiveEventBus,https://github.com/JeremyLiao/LiveEventBus,3.0,0,7782,2.0,3,0.0,3320
crate,https://github.com/crate/crate,9.0,39,426619,5.0,14,1.0,3321
AlgoDS,https://github.com/sherxon/AlgoDS,5.0,0,21217,1.0,2,0.0,3319
DSBridge-Android,https://github.com/wendux/DSBridge-Android,5.0,2,1841,2.0,2,0.0,3317
micrometer,https://github.com/micrometer-metrics/micrometer,5.0,141,48810,4.0,8,1.0,3317
MyBatis-Spring-Boot,https://github.com/abel533/MyBatis-Spring-Boot,6.0,0,396,4.5,2,0.0,3317
actor-platform,https://github.com/actorapp/actor-platform,6.0,97,134425,3.0,7,0.0,3316
99-problems,https://github.com/shekhargulati/99-problems,6.0,0,2057,2.0,1,0.0,3312
Terasology,https://github.com/MovingBlocks/Terasology,11.0,66,113093,4.0,14,0.0,3309
jetcache,https://github.com/alibaba/jetcache,5.0,49,14838,3.0,6,0.0,3297
dynamic-datasource-spring-boot-starter,https://github.com/baomidou/dynamic-datasource-spring-boot-starter,3.0,8,2528,4.0,4,0.0,3294
LQRWeChat,https://github.com/GitLqr/LQRWeChat,5.0,0,17612,2.0,4,1.0,3294
flink-recommandSystem-demo,https://github.com/CheckChe0803/flink-recommandSystem-demo,2.0,0,1835,3.0,2,1.0,3292
DDComponentForAndroid,https://github.com/luojilab/DDComponentForAndroid,4.0,4,1449,2.0,3,0.0,3291
ScalingLayout,https://github.com/iammert/ScalingLayout,4.0,4,631,2.0,2,0.0,3290
PreviewSeekBar,https://github.com/rubensousa/PreviewSeekBar,5.0,7,1215,2.0,2,0.0,3285
BackgroundLibrary,https://github.com/JavaNoober/BackgroundLibrary,3.0,11,7865,5.0,2,1.0,3285
BottomNavigationViewEx,https://github.com/ittianyu/BottomNavigationViewEx,5.0,19,1371,3.0,3,0.0,3280
kylin,https://github.com/apache/kylin,7.0,0,204383,4.0,12,1.0,3273
Android,https://github.com/hmkcode/Android,8.0,0,1387,4.5,3,1.0,3269
http-request,https://github.com/kevinsawicki/http-request,10.0,0,4876,2.0,9,0.0,3259
vertx-examples,https://github.com/vert-x3/vertx-examples,7.0,0,9492,5.0,2,1.0,3248
QLExpress,https://github.com/alibaba/QLExpress,5.0,0,12087,4.0,6,0.0,3239
Android-Tips,https://github.com/tangqi92/Android-Tips,6.0,0,177,0.0,1,1.0,3237
AutoDispose,https://github.com/uber/AutoDispose,5.0,2,5395,6.0,5,1.0,3235
incubator-seatunnel,https://github.com/apache/incubator-seatunnel,4.0,34,7728,4.0,4,0.0,3234
LoganSquare,https://github.com/bluelinelabs/LoganSquare,7.0,0,6892,3.0,5,0.0,3234
android-saripaar,https://github.com/ragunathjawahar/android-saripaar,9.0,3,4723,3.0,5,0.0,3228
hope-boot,https://github.com/java-aodeng/hope-boot,3.0,2,2870,4.0,5,0.0,3228
h2database,https://github.com/h2database/h2database,7.0,16,225430,4.0,35,3.0,3225
Leetcode,https://github.com/fishercoder1534/Leetcode,5.0,0,115461,1.0,2,0.0,3222
XXPermissions,https://github.com/getActivity/XXPermissions,3.0,46,2144,1.0,2,0.0,3222
LeafPic,https://github.com/UnevenSoftware/LeafPic,6.0,7,13594,3.0,7,1.0,3219
drag-sort-listview,https://github.com/bauerca/drag-sort-listview,9.0,0,4301,2.0,6,0.0,3218
maxwell,https://github.com/zendesk/maxwell,7.0,187,16782,4.0,4,0.0,3215
effective-java-3e-source-code,https://github.com/jbloch/effective-java-3e-source-code,3.0,0,3018,1.0,5,0.0,3211
boxing,https://github.com/bilibili/boxing,5.0,1,5910,4.0,5,1.0,3203
libstreaming,https://github.com/fyhertz/libstreaming,9.0,0,6798,2.0,5,0.0,3202
AndroidViewHover,https://github.com/daimajia/AndroidViewHover,7.0,4,712,2.0,3,1.0,3193
ActionBar-PullToRefresh,https://github.com/chrisbanes/ActionBar-PullToRefresh,8.0,0,3717,5.0,4,1.0,3192
SuperTextView,https://github.com/chenBingX/SuperTextView,5.0,33,4733,2.0,3,0.0,3187
afinal,https://github.com/yangfuhai/afinal,9.0,0,6971,2.0,5,0.0,3186
GalleryFinal,https://github.com/pengjianbo/GalleryFinal,6.0,4,7997,3.0,5,1.0,3176
jacoco,https://github.com/jacoco/jacoco,9.0,43,33088,3.0,7,0.0,3171
volley,https://github.com/google/volley,5.0,9,9296,2.0,31,0.0,3171
GsonFormat,https://github.com/zzz40500/GsonFormat,7.0,4,5684,1.0,7,0.0,3168
ChipsLayoutManager,https://github.com/BelooS/ChipsLayoutManager,5.0,11,6101,3.5,6,0.0,3163
LoadSir,https://github.com/KingJA/LoadSir,4.0,6,1481,3.0,3,0.0,3161
jvm-serializers,https://github.com/eishay/jvm-serializers,12.0,0,31287,5.0,10,1.0,3160
network-connection-class,https://github.com/facebookarchive/network-connection-class,7.0,2,650,2.5,3,0.0,3159
SmsForwarder,https://github.com/pppscn/SmsForwarder,1.0,18,12925,3.0,3,1.0,3155
NewbieGuide,https://github.com/huburt-Hu/NewbieGuide,4.0,20,1896,3.0,3,0.0,3152
TextDrawable,https://github.com/amulyakhare/TextDrawable,7.0,0,824,3.0,3,0.0,3151
UETool,https://github.com/eleme/UETool,3.0,9,4173,4.0,18,0.0,3149
jfinal,https://github.com/jfinal/jfinal,10.0,0,30741,3.0,9,1.0,3147
cobar,https://github.com/alibaba/cobar,8.0,1,63193,3.0,9,1.0,3142
animate,https://github.com/hitherejoe/animate,6.0,0,1706,6.0,4,1.0,3141
spock,https://github.com/spockframework/spock,11.0,16,20144,3.0,18,1.0,3137
AndEngine,https://github.com/nicolasgramlich/AndEngine,10.0,0,33585,3.0,9,1.0,3126
native-navigation,https://github.com/airbnb/native-navigation,5.0,0,4473,3.0,5,0.0,3125
android-hidden-api,https://github.com/anggrayudi/android-hidden-api,6.0,1,480,8.5,1,0.5,3123
StickerCamera,https://github.com/Skykai521/StickerCamera,6.0,0,14361,2.0,29,0.0,3123
ffmpeg-android-java,https://github.com/WritingMinds/ffmpeg-android-java,7.0,8,1306,1.0,3,1.0,3122
pig,https://github.com/pig-mesh/pig,2.0,17,18168,4.0,4,0.0,3121
Geyser,https://github.com/GeyserMC/Geyser,2.0,0,33151,6.0,10,0.0,3110
VideoPlayerManager,https://github.com/danylovolokh/VideoPlayerManager,6.0,0,4228,3.0,4,0.0,3107
undertow,https://github.com/undertow-io/undertow,9.0,0,154187,3.0,16,0.0,3102
android-adDialog,https://github.com/yipianfengye/android-adDialog,5.0,0,1607,2.5,3,0.0,3100
Linkage-RecyclerView,https://github.com/KunMinX/Linkage-RecyclerView,2.0,0,2470,4.0,3,0.0,3096
Aegis,https://github.com/beemdevelopment/Aegis,5.0,45,15253,5.0,6,1.0,3093
Highlight,https://github.com/hongyangAndroid/Highlight,6.0,0,964,2.0,2,0.0,3092
NullAway,https://github.com/uber/NullAway,4.0,0,15517,2.0,5,0.0,3090
liquibase,https://github.com/liquibase/liquibase,10.0,68,88258,4.0,7,2.0,3089
requery,https://github.com/requery/requery,6.0,43,23679,3.0,7,0.0,3088
citypicker,https://github.com/crazyandcoder/citypicker,5.0,4,6571,2.0,3,0.0,3086
BubbleSeekBar,https://github.com/woxingxiao/BubbleSeekBar,5.0,12,1958,2.0,3,1.0,3082
immutables,https://github.com/immutables/immutables,8.0,6,66821,3.0,21,0.0,3080
jpexs-decompiler,https://github.com/jindrapetrik/jpexs-decompiler,8.0,120,246298,3.0,111,1.0,3078
librec,https://github.com/guoguibing/librec,8.0,3,28801,5.0,8,1.0,3077
RxAndroidBle,https://github.com/dariuszseweryn/RxAndroidBle,6.0,47,11228,3.0,6,0.0,3076
RecyclerViewItemAnimators,https://github.com/gabrielemariotti/RecyclerViewItemAnimators,7.0,0,2088,3.0,3,1.0,3072
jvm-tools,https://github.com/aragozin/jvm-tools,10.0,0,32343,3.0,9,0.0,3072
MusicBot,https://github.com/jagrosh/MusicBot,5.0,31,3690,5.5,14,1.0,3069
oshi,https://github.com/oshi/oshi,10.0,130,29681,4.0,9,1.0,3067
nifi,https://github.com/apache/nifi,7.0,0,669110,4.0,19,1.0,3066
JavaEETest,https://github.com/lenve/JavaEETest,5.0,0,2133,3.0,3,0.0,3066
keepass2android,https://github.com/PhilippC/keepass2android,4.0,19,60098,3.0,19,1.0,3061
OsmAnd,https://github.com/osmandapp/OsmAnd,11.0,1,575266,3.0,121,0.0,3061
igniter,https://github.com/trojan-gfw/igniter,3.0,33,6013,2.0,3,0.0,3061
red5-server,https://github.com/Red5/red5-server,8.0,49,10279,4.0,6,1.0,3056
operators,https://github.com/strimzi/operators,5.0,95,108461,7.0,16,1.0,3050
Alink,https://github.com/alibaba/Alink,3.0,13,330296,4.0,18,0.0,3049
Cockroach,https://github.com/android-notes/Cockroach,5.0,1,1562,3.0,2,0.0,3048
Crouton,https://github.com/keyboardsurfer/Crouton,9.0,8,1454,5.0,3,1.0,3047
yanxuan-weex-demo,https://github.com/zwwill/yanxuan-weex-demo,4.0,0,15894,0.0,4,0.0,3044
JimuReport,https://github.com/jeecgboot/JimuReport,2.0,2,42,5.5,1,0.0,3042
sofa-jarslink,https://github.com/sofastack/sofa-jarslink,4.0,2,948,3.0,2,0.0,3042
react-native-share,https://github.com/react-native-share/react-native-share,6.0,75,1628,3.0,3,8.0,3038
maven,https://github.com/apache/maven,13.0,2,63827,4.0,6,1.0,3036
android-viewbadger,https://github.com/jgilfelt/android-viewbadger,10.0,0,563,2.0,3,0.0,3033
typedb,https://github.com/vaticle/typedb,5.0,82,71063,6.0,32,1.0,3032
jackson-databind,https://github.com/FasterXML/jackson-databind,10.0,0,141114,2.0,45,0.0,3031
IDDD_Samples,https://github.com/VaughnVernon/IDDD_Samples,9.0,0,28475,3.0,12,5.0,3031
RxEasyHttp,https://github.com/zhou-you/RxEasyHttp,4.0,0,11670,3.0,4,0.0,3021
ViewpagerTransition,https://github.com/xmuSistone/ViewpagerTransition,5.0,1,588,2.0,4,0.0,3020
AndServer,https://github.com/yanzhenjie/AndServer,5.0,0,12020,3.0,5,1.0,3019
MarsDaemon,https://github.com/Marswin/MarsDaemon,6.0,0,1010,2.0,3,0.0,3019
Android-BluetoothKit,https://github.com/dingjikerbo/Android-BluetoothKit,6.0,0,8347,2.0,3,0.0,3016
Java8InAction,https://github.com/java8/Java8InAction,8.0,0,3724,1.0,3,0.0,3015
android-process-button,https://github.com/dmytrodanylyk/android-process-button,8.0,1,941,4.5,4,1.0,3009
ballerina-lang,https://github.com/ballerina-platform/ballerina-lang,5.0,119,417724,5.0,48,1.0,3007
DraggablePanel,https://github.com/pedrovgs/DraggablePanel,8.0,10,1975,4.0,3,1.0,3006
react-native-fbsdk,https://github.com/facebookarchive/react-native-fbsdk,6.0,22,1241,5.5,4,1.0,3006
CityPicker,https://github.com/zaaach/CityPicker,6.0,2,1295,2.0,8,0.0,3005
ShapeOfView,https://github.com/florent37/ShapeOfView,4.0,0,2078,3.0,4,1.0,3004
pixel-dungeon,https://github.com/watabou/pixel-dungeon,7.0,0,38623,4.0,13,1.0,3002
spring-cloud-kubernetes,https://github.com/spring-cloud/spring-cloud-kubernetes,5.0,0,15586,7.0,4,0.0,3000
java-tron,https://github.com/tronprotocol/java-tron,4.0,64,221567,9.0,64,0.0,2995
MultiImageSelector,https://github.com/lovetuzitong/MultiImageSelector,7.0,2,1425,3.0,2,0.0,2993
calcite,https://github.com/apache/calcite,7.0,0,309095,5.0,64,1.0,2991
PRDownloader,https://github.com/MindorksOpenSource/PRDownloader,4.0,5,4709,1.0,3,0.0,2987
lombok-intellij-plugin,https://github.com/mplushnikov/lombok-intellij-plugin,8.0,116,34969,2.0,12,0.0,2985
robospice,https://github.com/stephanenicolas/robospice,9.0,1,14955,4.0,8,0.0,2984
LikeButton,https://github.com/jd-alexander/LikeButton,6.0,14,781,4.5,2,1.0,2979
hudi,https://github.com/apache/hudi,5.0,15,142121,6.0,9,1.0,2978
yuicompressor,https://github.com/yui/yuicompressor,13.0,1,6075,2.0,4,8.0,2975
Carbon,https://github.com/ZieIony/Carbon,7.0,2,38604,3.0,7,1.0,2972
Nuwa,https://github.com/jasonross/Nuwa,6.0,0,130,3.5,2,0.0,2968
TableView,https://github.com/evrencoskun/TableView,4.0,12,5170,4.0,8,1.0,2966
aviatorscript,https://github.com/killme2008/aviatorscript,11.0,46,35959,4.0,5,1.0,2964
SlidingRootNav,https://github.com/yarolegovich/SlidingRootNav,5.0,1,971,3.0,4,0.0,2961
flutter-webrtc,https://github.com/flutter-webrtc/flutter-webrtc,4.0,34,5711,3.0,6,0.0,2950
dexcount-gradle-plugin,https://github.com/KeepSafe/dexcount-gradle-plugin,6.0,20,3205,5.0,4,1.0,2947
jmonkeyengine,https://github.com/jMonkeyEngine/jmonkeyengine,8.0,47,191535,3.0,10,0.0,2947
awaitility,https://github.com/awaitility/awaitility,12.0,0,5233,1.0,4,0.0,2933
DeepLearning,https://github.com/yusugomori/DeepLearning,9.0,0,1083,4.0,2,0.0,2932
leetcode,https://github.com/gouthampradhan/leetcode,5.0,0,19926,2.0,1,1.0,2928
android-mvp-mvvm-flytour,https://github.com/mxdldev/android-mvp-mvvm-flytour,3.0,11,21364,1.0,5,0.0,2926
AndroidChromium,https://github.com/JackyAndroid/AndroidChromium,5.0,2,139119,3.0,21,0.0,2923
light-task-scheduler,https://github.com/ltsopensource/light-task-scheduler,7.0,29,45904,2.0,6,0.0,2919
booksource,https://github.com/guolindev/booksource,5.0,0,4992,2.0,3,0.0,2917
cropper,https://github.com/edmodo/cropper,8.0,0,970,4.0,2,1.0,2916
DesignPattern,https://github.com/youlookwhat/DesignPattern,5.0,0,2669,2.0,2,0.0,2916
android-vision,https://github.com/googlesamples/android-vision,6.0,0,5812,3.0,3,0.0,2908
Sunshine-Version-2,https://github.com/udacity/Sunshine-Version-2,7.0,0,1692,5.0,3,3.5,2907
TelegramBots,https://github.com/rubenlagus/TelegramBots,6.0,72,15782,6.0,5,0.0,2907
JCTools,https://github.com/JCTools/JCTools,8.0,15,36059,3.0,18,0.0,2902
FadingActionBar,https://github.com/ManuelPeinado/FadingActionBar,8.0,0,1197,5.0,2,1.0,2898
jersey,https://github.com/javaee/jersey,10.0,30,249097,4.0,44,0.0,2897
WebCollector,https://github.com/CrawlScript/WebCollector,7.0,0,4617,3.0,9,1.0,2896
migration,https://github.com/phodal/migration,2.0,0,101,1.0,1,0.0,2895
android-pathview,https://github.com/geftimov/android-pathview,7.0,2,814,5.0,3,0.0,2894
ripme,https://github.com/RipMeApp/ripme,5.0,126,19824,4.0,6,3.0,2893
CountdownView,https://github.com/iwgang/CountdownView,6.0,3,4441,3.0,3,0.0,2879
chunjun,https://github.com/DTStack/chunjun,4.0,23,68012,4.0,8,1.0,2878
jwt-spring-security-demo,https://github.com/szerhusenBC/jwt-spring-security-demo,6.0,3,549,4.0,2,0.0,2875
AndroidTreeView,https://github.com/bmelnychuk/AndroidTreeView,7.0,0,2145,4.0,3,0.0,2873
FlyRefresh,https://github.com/race604/FlyRefresh,6.0,2,1696,2.0,3,0.5,2872
anthelion,https://github.com/YahooArchive/anthelion,6.0,0,35882,6.0,8,1.0,2868
FairEmail,https://github.com/M66B/FairEmail,3.0,1803,196831,3.0,16,0.0,2867
JDA,https://github.com/DV8FromTheWorld/JDA,6.0,51,46753,6.0,6,3.0,2867
Android-Material-Examples,https://github.com/saulmm/Android-Material-Examples,7.0,0,809,3.0,2,1.0,2859
tablesaw,https://github.com/jtablesaw/tablesaw,6.0,77,46415,4.0,6,1.0,2859
RxJava2Examples,https://github.com/nanchen2251/RxJava2Examples,4.0,0,3713,2.0,5,0.0,2854
Packages,https://github.com/sublimehq/Packages,6.0,0,364,1.0,1,0.0,2853
android-flip,https://github.com/openaphid/android-flip,9.0,0,3686,4.0,5,0.0,2852
openj9,https://github.com/eclipse-openj9/openj9,4.0,30,589307,2.0,48,0.0,2852
AarogyaSetu_Android,https://github.com/nic-delhi/AarogyaSetu_Android,1.0,0,3906,3.0,3,1.0,2851
brigadier,https://github.com/Mojang/brigadier,7.0,3,4012,5.0,3,0.0,2848
AndroidResideMenu,https://github.com/SpecialCyCi/AndroidResideMenu,8.0,7,701,4.0,3,0.0,2846
PhotoPicker,https://github.com/donglua/PhotoPicker,6.0,13,2904,3.0,4,0.0,2842
FastDev4Android,https://github.com/jiangqqlmj/FastDev4Android,6.0,4,17740,3.0,31,0.0,2841
wgcloud,https://github.com/tianshiyeben/wgcloud,3.0,9,6428,3.0,2,21.0,2838
XhsEmoticonsKeyboard,https://github.com/w446108264/XhsEmoticonsKeyboard,7.0,7,5625,3.0,5,0.0,2838
CommonDevKnowledge,https://github.com/AweiLoveAndroid/CommonDevKnowledge,4.0,0,882,2.0,1,2.0,2837
MifareClassicTool,https://github.com/ikarus23/MifareClassicTool,9.0,2,6514,9.0,3,3.0,2834
library,https://github.com/ddd-by-examples/library,3.0,0,1770,5.0,4,0.0,2832
elasticsearch-jdbc,https://github.com/jprante/elasticsearch-jdbc,9.0,19,8057,3.0,4,1.0,2830
PlayerBase,https://github.com/jiajunhui/PlayerBase,5.0,18,12609,3.0,3,0.0,2828
blueocean-plugin,https://github.com/jenkinsci/blueocean-plugin,6.0,31,39590,5.0,52,1.0,2822
android,https://github.com/cSploit/android,7.0,33,22657,2.0,9,0.0,2820
android-percent-support-lib-sample,https://github.com/JulienGenoud/android-percent-support-lib-sample,6.0,2,307,5.0,3,0.0,2819
StickyHeaderListView,https://github.com/sunfusheng/StickyHeaderListView,6.0,0,2295,4.0,3,0.0,2817
android,https://github.com/nextcloud/android,5.0,183,59461,4.5,10,0.0,2813
ActivityRouter,https://github.com/mzule/ActivityRouter,6.0,3,874,2.0,3,0.0,2813
RxGalleryFinal,https://github.com/FinalTeam/RxGalleryFinal,6.0,1,8273,2.0,4,0.0,2812
AndroidTVLauncher,https://github.com/JackyAndroid/AndroidTVLauncher,6.0,3,1086,4.0,3,0.0,2806
google-services,https://github.com/googlesamples/google-services,6.0,0,1078,3.0,3,0.0,2800
flow,https://github.com/square/flow,8.0,0,3591,3.0,5,0.0,2799
RealtimeBlurView,https://github.com/mmin18/RealtimeBlurView,5.0,0,676,4.0,5,0.0,2798
android-pdfview,https://github.com/JoanZapata/android-pdfview,9.0,0,2833,2.0,4,0.0,2796
binnavi,https://github.com/google/binnavi,6.0,3,229006,4.0,34,0.0,2794
initializr,https://github.com/spring-io/initializr,8.0,12,27661,4.0,5,1.0,2793
fiction_house,https://github.com/201206030/fiction_house,2.0,5,9372,3.0,3,9.0,2792
Bastillion,https://github.com/bastillion-io/Bastillion,9.0,17,5129,4.0,3,3.0,2791
ice,https://github.com/Teevity/ice,8.0,3,5153,3.0,4,0.0,2790
bitcoin-wallet,https://github.com/bitcoin-wallet/bitcoin-wallet,10.0,18,18012,4.0,8,0.0,2792
ExpectAnim,https://github.com/florent37/ExpectAnim,5.0,1,1868,4.0,4,1.0,2787
android-Camera2Basic,https://github.com/googlearchive/android-Camera2Basic,7.0,0,843,2.5,4,0.0,2782
Android-Skin-Loader,https://github.com/fengjundev/Android-Skin-Loader,6.0,0,3423,3.0,5,0.0,2774
MSEC,https://github.com/Tencent/MSEC,5.0,0,161531,3.0,34,6.0,2772
scalpel,https://github.com/JakeWharton/scalpel,8.0,0,578,2.0,2,0.0,2771
robotium,https://github.com/RobotiumTech/robotium,12.0,0,6058,2.0,8,0.0,2770
PagerBottomTabStrip,https://github.com/tyzlmjj/PagerBottomTabStrip,6.0,12,3171,5.0,5,1.0,2770
AdapterDelegates,https://github.com/sockeqwe/AdapterDelegates,6.0,18,2458,3.0,4,0.0,2769
ByteTCC,https://github.com/liuyangming/ByteTCC,6.0,17,14748,8.0,5,6.0,2769
airpal,https://github.com/airbnb/airpal,8.0,0,3952,4.0,4,0.0,2761
sofa-jraft,https://github.com/sofastack/sofa-jraft,3.0,21,140016,3.0,18,1.0,2761
WoWoViewPager,https://github.com/Nightonke/WoWoViewPager,6.0,0,8670,4.0,7,0.0,2754
BlurView,https://github.com/Dimezis/BlurView,6.0,22,687,3.0,3,2.5,2754
android-mvvm-architecture,https://github.com/MindorksOpenSource/android-mvvm-architecture,4.0,0,3077,4.0,5,1.0,2753
logging-log4j2,https://github.com/apache/logging-log4j2,8.0,0,162340,4.0,55,1.0,2752
IntelliJ-Key-Promoter-X,https://github.com/halirutan/IntelliJ-Key-Promoter-X,4.0,19,930,5.0,6,0.0,2748
CoCoin,https://github.com/Nightonke/CoCoin,6.0,0,22198,3.0,13,0.0,2747
MusicDNA,https://github.com/harjot-oberai/MusicDNA,5.0,2,52240,3.0,13,1.0,2744
GuillotineMenu-Android,https://github.com/Yalantis/GuillotineMenu-Android,6.0,2,407,2.0,2,0.5,2739
T-MVP,https://github.com/north2016/T-MVP,5.0,0,3803,3.0,4,1.0,2739
CommonUtilLibrary,https://github.com/AbrahamCaiJin/CommonUtilLibrary,4.0,0,16523,3.0,6,1.0,2738
AndroidProcess,https://github.com/wenmingvs/AndroidProcess,6.0,0,1387,2.0,4,0.0,2738
SuperCalendar,https://github.com/MagicMashRoom/SuperCalendar,4.0,13,1914,2.0,3,0.5,2737
allure2,https://github.com/allure-framework/allure2,5.0,50,7268,4.0,5,1.0,2733
material-intro-screen,https://github.com/TangoAgency/material-intro-screen,5.0,4,4607,3.0,10,0.0,2732
CircularFloatingActionMenu,https://github.com/oguzbilgener/CircularFloatingActionMenu,7.0,0,1850,6.0,3,3.0,2729
Algorithms,https://github.com/pedrovgs/Algorithms,7.0,0,5982,3.0,9,0.0,2725
springmvc-mybatis-learning,https://github.com/brianway/springmvc-mybatis-learning,6.0,0,5295,3.0,3,9.0,2724
